Type,Datetime,Account,Amount,Value,Rate,Fee,Sub Type
Deposit,"Jan. 25, 2018, 10:45 AM",Main Account,500.00 EUR,,,,
Market,"Jan. 26, 2018, 07:44 AM",Main Account,0.05597537 BTC,498.74 EUR,8909.99 EUR,1.25000 EUR,Buy
Deposit,"Jan. 30, 2018, 10:30 AM",Main Account,1000.00 EUR,,,,
Market,"Jan. 30, 2018, 01:58 PM",Main Account,0.05500000 BTC,463.65 EUR,8430.00 EUR,1.16000 EUR,Buy
Market,"Feb. 01, 2018, 10:10 AM",Main Account,0.06558008 BTC,495.46 EUR,7555.00 EUR,1.24000 EUR,Buy
Market,"Feb. 05, 2018, 11:51 AM",Main Account,0.00300000 BTC,18.04 EUR,6015.00 EUR,0.05000 EUR,Buy
Market,"Feb. 06, 2018, 02:27 AM",Main Account,0.00300000 BTC,15.34 EUR,5115.00 EUR,0.04000 EUR,Buy
Market,"Feb. 06, 2018, 02:02 PM",Main Account,0.00300000 BTC,17.56 EUR,5855.00 EUR,0.05000 EUR,Sell
Market,"Feb. 06, 2018, 09:29 PM",Main Account,0.00300000 BTC,18.96 EUR,6320.54 EUR,0.05000 EUR,Sell
Market,"Feb. 15, 2018, 09:10 AM",Main Account,0.02769808 BTC,221.28 EUR,7989.00 EUR,0.56000 EUR,Sell
Market,"Feb. 15, 2018, 09:10 AM",Main Account,0.03230192 BTC,258.06 EUR,7989.00 EUR,0.65000 EUR,Sell
Market,"Feb. 15, 2018, 09:52 AM",Main Account,0.06602052 BTC,518.26 EUR,7850.00 EUR,1.30000 EUR,Buy
Market,"Feb. 17, 2018, 02:15 AM",Main Account,0.06602052 BTC,554.31 EUR,8396.00 EUR,1.39000 EUR,Sell
Market,"Feb. 17, 2018, 02:30 PM",Main Account,0.03882975 BTC,330.64 EUR,8515.00 EUR,0.83000 EUR,Buy
Market,"Feb. 17, 2018, 02:30 PM",Main Account,0.02445627 BTC,208.25 EUR,8515.00 EUR,0.53000 EUR,Buy
Market,"Feb. 17, 2018, 11:08 PM",Main Account,0.06320000 BTC,561.85 EUR,8890.00 EUR,1.41000 EUR,Sell
Market,"Feb. 18, 2018, 01:03 AM",Main Account,0.05500000 BTC,496.10 EUR,9020.00 EUR,1.25000 EUR,Sell
Market,"Feb. 18, 2018, 08:27 AM",Main Account,0.05000000 BTC,428.10 EUR,8562.00 EUR,1.08000 EUR,Buy
Market,"Feb. 19, 2018, 03:16 PM",Main Account,0.05000000 BTC,449.50 EUR,8990.00 EUR,1.13000 EUR,Sell
Market,"Feb. 20, 2018, 08:48 AM",Main Account,0.06458045 BTC,592.46 EUR,9174.00 EUR,1.49000 EUR,Buy
Market,"Feb. 20, 2018, 10:53 PM",Main Account,0.05178590 BTC,477.21 EUR,9215.00 EUR,1.20000 EUR,Buy
Market,"Mar. 02, 2018, 01:26 AM",Main Account,0.00566610 BTC,51.10 EUR,9019.00 EUR,0.13000 EUR,Sell
Market,"Mar. 05, 2018, 06:42 PM",Main Account,0.01486671 BTC,139.45 EUR,9380.00 EUR,0.35000 EUR,Sell
Market,"Mar. 05, 2018, 06:45 PM",Main Account,0.00759986 BTC,71.29 EUR,9380.00 EUR,0.18000 EUR,Sell
Market,"Mar. 05, 2018, 06:45 PM",Main Account,0.03350880 BTC,314.31 EUR,9380.00 EUR,0.79000 EUR,Sell
Market,"Mar. 06, 2018, 01:45 PM",Main Account,0.04500000 BTC,392.18 EUR,8715.00 EUR,0.99000 EUR,Buy
Market,"Mar. 07, 2018, 04:39 PM",Main Account,0.02235192 BTC,184.96 EUR,8275.00 EUR,0.47000 EUR,Buy
Deposit,"Mar. 09, 2018, 09:45 AM",Main Account,500.00 EUR,,,,
Market,"Mar. 09, 2018, 04:33 PM",Main Account,0.05000000 BTC,354.75 EUR,7095.00 EUR,0.89000 EUR,Buy
Market,"Mar. 09, 2018, 10:38 PM",Main Account,0.05000000 BTC,373.40 EUR,7468.00 EUR,0.94000 EUR,Sell
Market,"Mar. 10, 2018, 05:35 PM",Main Account,0.04600000 BTC,343.53 EUR,7468.00 EUR,0.86000 EUR,Buy
Market,"Mar. 10, 2018, 10:21 PM",Main Account,0.02448870 BTC,173.75 EUR,7095.00 EUR,0.44000 EUR,Buy
Market,"Mar. 11, 2018, 12:05 PM",Main Account,0.02448870 BTC,182.88 EUR,7468.00 EUR,0.46000 EUR,Sell
Market,"Mar. 11, 2018, 06:07 PM",Main Account,0.04076219 BTC,320.43 EUR,7861.00 EUR,0.81000 EUR,Sell
Market,"Mar. 11, 2018, 06:07 PM",Main Account,0.00523781 BTC,41.17 EUR,7861.00 EUR,0.11000 EUR,Sell
Market,"Mar. 12, 2018, 02:59 PM",Main Account,0.04766303 BTC,355.95 EUR,7468.00 EUR,0.89000 EUR,Buy
Market,"Mar. 14, 2018, 10:21 AM",Main Account,0.02554055 BTC,181.21 EUR,7095.00 EUR,0.46000 EUR,Buy
Market,"Apr. 24, 2018, 12:33 AM",Main Account,0.02554055 BTC,190.74 EUR,7468.00 EUR,0.48000 EUR,Sell
Market,"Apr. 24, 2018, 11:26 PM",Main Account,0.00533033 BTC,41.90 EUR,7861.00 EUR,0.11000 EUR,Sell
Market,"Apr. 24, 2018, 11:26 PM",Main Account,0.02384608 BTC,187.45 EUR,7861.00 EUR,0.47000 EUR,Sell
Market,"Apr. 24, 2018, 11:26 PM",Main Account,0.01480000 BTC,116.34 EUR,7861.00 EUR,0.30000 EUR,Sell
Market,"Apr. 24, 2018, 11:26 PM",Main Account,0.00368662 BTC,28.98 EUR,7861.00 EUR,0.08000 EUR,Sell
Market,"Apr. 25, 2018, 10:41 AM",Main Account,0.04900000 BTC,365.93 EUR,7468.00 EUR,0.92000 EUR,Buy
Market,"Apr. 26, 2018, 12:29 AM",Main Account,0.02685557 BTC,190.54 EUR,7095.00 EUR,0.48000 EUR,Buy
Market,"Apr. 26, 2018, 08:11 PM",Main Account,0.02680000 BTC,200.14 EUR,7468.00 EUR,0.51000 EUR,Sell
Market,"Apr. 26, 2018, 08:11 PM",Main Account,0.00005557 BTC,0.41 EUR,7468.00 EUR,0.01000 EUR,Sell
Market,"May. 03, 2018, 01:57 PM",Main Account,0.04900000 BTC,385.19 EUR,7861.00 EUR,0.97000 EUR,Sell
Market,"May. 06, 2018, 12:18 PM",Main Account,0.04900000 BTC,385.19 EUR,7861.00 EUR,0.97000 EUR,Buy
Market,"May. 11, 2018, 12:04 AM",Main Account,0.02765739 BTC,206.55 EUR,7468.00 EUR,0.52000 EUR,Buy
Deposit,"May. 15, 2018, 08:30 AM",Main Account,500.00 EUR,,,,
Market,"May. 16, 2018, 01:24 AM",Main Account,0.05000000 BTC,354.75 EUR,7095.00 EUR,0.89000 EUR,Buy
Market,"May. 18, 2018, 12:51 AM",Main Account,0.02159525 BTC,145.55 EUR,6740.00 EUR,0.37000 EUR,Buy
Market,"May. 19, 2018, 11:59 AM",Main Account,0.02159525 BTC,153.22 EUR,7095.00 EUR,0.39000 EUR,Sell
Market,"May. 23, 2018, 01:01 AM",Main Account,0.02237623 BTC,150.82 EUR,6740.00 EUR,0.38000 EUR,Buy
Deposit,"Jun. 13, 2018, 08:15 AM",Main Account,500.00 EUR,,,,
Market,"Jun. 13, 2018, 10:42 AM",Main Account,0.03000000 BTC,164.64 EUR,5488.00 EUR,0.42000 EUR,Buy
Market,"Jun. 14, 2018, 06:06 PM",Main Account,0.03000000 BTC,173.31 EUR,5777.00 EUR,0.44000 EUR,Sell
Market,"Jun. 16, 2018, 03:38 PM",Main Account,0.05000000 BTC,274.40 EUR,5488.00 EUR,0.69000 EUR,Buy
Market,"Jun. 18, 2018, 05:12 PM",Main Account,0.05000000 BTC,288.85 EUR,5777.00 EUR,0.73000 EUR,Sell
Market,"Jun. 21, 2018, 02:44 PM",Main Account,0.04216027 BTC,243.56 EUR,5777.00 EUR,0.61000 EUR,Buy
Market,"Jun. 22, 2018, 08:34 AM",Main Account,0.05184997 BTC,284.55 EUR,5488.00 EUR,0.72000 EUR,Buy
Market,"Jul. 04, 2018, 01:14 PM",Main Account,0.02122080 BTC,122.59 EUR,5777.00 EUR,0.31000 EUR,Sell
Market,"Jul. 04, 2018, 01:14 PM",Main Account,0.03062917 BTC,176.94 EUR,5777.00 EUR,0.45000 EUR,Sell
Market,"Jul. 10, 2018, 09:40 AM",Main Account,0.05198206 BTC,285.28 EUR,5488.00 EUR,0.72000 EUR,Buy
Market,"Jul. 17, 2018, 03:36 PM",Main Account,0.05198206 BTC,300.30 EUR,5777.00 EUR,0.76000 EUR,Sell
Market,"Jul. 17, 2018, 05:41 PM",Main Account,0.04216027 BTC,256.42 EUR,6082.00 EUR,0.65000 EUR,Sell
Market,"Jul. 24, 2018, 12:02 PM",Main Account,0.02237623 BTC,158.76 EUR,7095.00 EUR,0.40000 EUR,Sell
Market,"Jul. 27, 2018, 12:51 PM",Main Account,0.05000000 BTC,337.00 EUR,6740.00 EUR,0.85000 EUR,Buy
Market,"Jul. 27, 2018, 07:00 PM",Main Account,0.05000000 BTC,354.75 EUR,7095.00 EUR,0.89000 EUR,Sell
Market,"Jul. 30, 2018, 05:56 PM",Main Account,0.05149096 BTC,347.05 EUR,6740.00 EUR,0.87000 EUR,Buy
Market,"Aug. 01, 2018, 05:34 AM",Main Account,0.03433494 BTC,219.85 EUR,6403.00 EUR,0.55000 EUR,Buy
Market,"Aug. 01, 2018, 05:34 AM",Main Account,0.01026398 BTC,65.72 EUR,6403.00 EUR,0.17000 EUR,Buy
Market,"Aug. 04, 2018, 02:27 PM",Main Account,0.01549059 BTC,94.21 EUR,6082.00 EUR,0.24000 EUR,Buy
Deposit,"Aug. 07, 2018, 08:30 AM",Main Account,500.00 EUR,,,,
Market,"Aug. 07, 2018, 09:03 AM",Main Account,0.03650941 BTC,222.01 EUR,6080.93 EUR,0.56000 EUR,Buy
Market,"Aug. 07, 2018, 09:04 PM",Main Account,0.04807556 BTC,277.73 EUR,5777.00 EUR,0.70000 EUR,Buy
Deposit,"Aug. 24, 2018, 08:45 AM",Main Account,500.00 EUR,,,,
Market,"Aug. 25, 2018, 11:29 AM",Main Account,0.02066565 BTC,119.39 EUR,5777.00 EUR,0.30000 EUR,Buy
Market,"Aug. 25, 2018, 11:30 AM",Main Account,0.01128164 BTC,65.17 EUR,5777.00 EUR,0.17000 EUR,Buy
Market,"Aug. 28, 2018, 07:12 PM",Main Account,0.04807556 BTC,292.40 EUR,6082.00 EUR,0.74000 EUR,Sell
Market,"Aug. 28, 2018, 07:13 PM",Main Account,0.02066565 BTC,125.69 EUR,6082.00 EUR,0.32000 EUR,Sell
Market,"Aug. 28, 2018, 07:13 PM",Main Account,0.01128164 BTC,68.61 EUR,6082.00 EUR,0.18000 EUR,Sell
Market,"Sep. 05, 2018, 11:46 PM",Main Account,0.01454032 BTC,84.00 EUR,5777.00 EUR,0.21000 EUR,Buy
Market,"Sep. 05, 2018, 11:46 PM",Main Account,0.05545968 BTC,320.39 EUR,5777.00 EUR,0.81000 EUR,Buy
Market,"Sep. 06, 2018, 12:21 AM",Main Account,0.00267843 BTC,14.70 EUR,5488.00 EUR,0.04000 EUR,Buy
Market,"Sep. 06, 2018, 12:21 AM",Main Account,0.07187562 BTC,394.45 EUR,5488.00 EUR,0.99000 EUR,Buy
Market,"Sep. 21, 2018, 01:43 PM",Main Account,0.00267843 BTC,15.47 EUR,5777.00 EUR,0.04000 EUR,Sell
Market,"Sep. 21, 2018, 01:43 PM",Main Account,0.07187562 BTC,415.23 EUR,5777.00 EUR,1.04000 EUR,Sell
Market,"Sep. 25, 2018, 01:09 AM",Main Account,0.07490548 BTC,411.08 EUR,5488.00 EUR,1.03000 EUR,Buy
Market,"Sep. 27, 2018, 08:02 PM",Main Account,0.07490548 BTC,432.73 EUR,5777.00 EUR,1.09000 EUR,Sell
Market,"Oct. 07, 2018, 01:14 AM",Main Account,0.07780332 BTC,426.98 EUR,5488.00 EUR,1.07000 EUR,Buy
Market,"Oct. 07, 2018, 01:27 AM",Main Account,0.07780332 BTC,449.47 EUR,5777.00 EUR,1.13000 EUR,Sell
Market,"Oct. 07, 2018, 01:29 AM",Main Account,0.01454032 BTC,88.43 EUR,6082.00 EUR,0.23000 EUR,Sell
Market,"Oct. 07, 2018, 01:29 AM",Main Account,0.05545968 BTC,337.31 EUR,6082.00 EUR,0.85000 EUR,Sell
Market,"Oct. 07, 2018, 01:31 AM",Main Account,0.01549059 BTC,99.19 EUR,6403.00 EUR,0.25000 EUR,Sell
Market,"Oct. 07, 2018, 01:31 AM",Main Account,0.03650941 BTC,233.77 EUR,6403.00 EUR,0.59000 EUR,Sell
Market,"Oct. 10, 2018, 05:27 AM",Main Account,0.07000000 BTC,394.80 EUR,5640.00 EUR,0.99000 EUR,Buy
Market,"Oct. 10, 2018, 05:27 AM",Main Account,0.07875312 BTC,444.17 EUR,5640.00 EUR,1.12000 EUR,Buy
Market,"Oct. 11, 2018, 01:10 AM",Main Account,0.07000000 BTC,384.16 EUR,5488.00 EUR,0.97000 EUR,Buy
Market,"Oct. 15, 2018, 06:46 AM",Main Account,0.06997598 BTC,404.25 EUR,5777.00 EUR,1.02000 EUR,Sell
Market,"Oct. 15, 2018, 06:46 AM",Main Account,0.00002402 BTC,0.14 EUR,5777.00 EUR,0.01000 EUR,Sell
Market,"Oct. 29, 2018, 12:37 PM",Main Account,0.07253313 BTC,398.06 EUR,5488.00 EUR,1.00000 EUR,Buy
Deposit,"Nov. 30, 2018, 10:00 AM",Main Account,1000.00 EUR,,,,
Market,"Nov. 30, 2018, 09:44 PM",Main Account,0.04000000 BTC,138.24 EUR,3456.00 EUR,0.35000 EUR,Buy
Market,"Dec. 01, 2018, 10:50 AM",Main Account,0.04000000 BTC,145.52 EUR,3638.00 EUR,0.37000 EUR,Sell
Market,"Dec. 02, 2018, 05:01 AM",Main Account,0.05000000 BTC,181.90 EUR,3638.00 EUR,0.46000 EUR,Buy
Market,"Dec. 03, 2018, 02:15 AM",Main Account,0.05000000 BTC,172.80 EUR,3456.00 EUR,0.44000 EUR,Buy
Market,"Dec. 04, 2018, 06:02 AM",Main Account,0.04000000 BTC,131.32 EUR,3283.00 EUR,0.33000 EUR,Buy
Market,"Dec. 04, 2018, 06:43 AM",Main Account,0.04000000 BTC,138.24 EUR,3456.00 EUR,0.35000 EUR,Sell
Market,"Dec. 04, 2018, 06:44 AM",Main Account,0.05000000 BTC,181.90 EUR,3638.00 EUR,0.46000 EUR,Sell
Market,"Dec. 04, 2018, 10:27 AM",Main Account,0.05000000 BTC,172.80 EUR,3456.00 EUR,0.44000 EUR,Buy
Market,"Dec. 05, 2018, 04:54 PM",Main Account,0.05000000 BTC,164.15 EUR,3283.00 EUR,0.42000 EUR,Buy
Market,"Dec. 06, 2018, 11:38 PM",Main Account,0.00995639 BTC,31.04 EUR,3118.00 EUR,0.08000 EUR,Buy
Market,"Dec. 06, 2018, 11:38 PM",Main Account,0.03608204 BTC,112.50 EUR,3118.00 EUR,0.29000 EUR,Buy
Market,"Dec. 06, 2018, 11:38 PM",Main Account,0.00396157 BTC,12.35 EUR,3118.00 EUR,0.04000 EUR,Buy
Market,"Dec. 07, 2018, 12:53 AM",Main Account,0.05000000 BTC,148.10 EUR,2962.00 EUR,0.38000 EUR,Buy
Market,"Dec. 07, 2018, 07:12 PM",Main Account,0.05000000 BTC,155.90 EUR,3118.00 EUR,0.39000 EUR,Sell
Market,"Dec. 19, 2018, 02:46 AM",Main Account,0.00995639 BTC,32.69 EUR,3283.00 EUR,0.09000 EUR,Sell
Market,"Dec. 19, 2018, 02:46 AM",Main Account,0.03608204 BTC,118.46 EUR,3283.00 EUR,0.30000 EUR,Sell
Market,"Dec. 19, 2018, 02:46 AM",Main Account,0.00396157 BTC,13.01 EUR,3283.00 EUR,0.04000 EUR,Sell
Market,"Dec. 19, 2018, 01:40 PM",Main Account,0.05000000 BTC,172.80 EUR,3456.00 EUR,0.44000 EUR,Sell
Market,"Dec. 19, 2018, 03:49 PM",Main Account,0.05201977 BTC,170.78 EUR,3283.00 EUR,0.43000 EUR,Buy
Market,"Dec. 20, 2018, 08:20 AM",Main Account,0.05201977 BTC,179.78 EUR,3456.00 EUR,0.45000 EUR,Sell
Market,"Dec. 20, 2018, 04:51 PM",Main Account,0.05000000 BTC,181.90 EUR,3638.00 EUR,0.46000 EUR,Sell
Market,"Dec. 20, 2018, 08:09 PM",Main Account,0.05525784 BTC,190.97 EUR,3456.00 EUR,0.48000 EUR,Buy
Market,"Dec. 21, 2018, 01:53 AM",Main Account,0.00030511 BTC,1.11 EUR,3638.00 EUR,0.01000 EUR,Sell
Market,"Dec. 24, 2018, 12:48 AM",Main Account,0.05495273 BTC,199.92 EUR,3638.00 EUR,0.50000 EUR,Sell
Market,"Dec. 25, 2018, 12:21 AM",Main Account,0.05532996 BTC,191.22 EUR,3456.00 EUR,0.48000 EUR,Buy
Market,"Dec. 25, 2018, 03:51 AM",Main Account,0.05276282 BTC,173.22 EUR,3283.00 EUR,0.44000 EUR,Buy
Market,"Dec. 25, 2018, 08:33 PM",Main Account,0.05276282 BTC,182.35 EUR,3456.00 EUR,0.46000 EUR,Sell
Market,"Dec. 26, 2018, 02:26 PM",Main Account,0.05820481 BTC,191.09 EUR,3283.00 EUR,0.48000 EUR,Buy
Market,"Dec. 28, 2018, 07:06 PM",Main Account,0.05820481 BTC,201.16 EUR,3456.00 EUR,0.51000 EUR,Sell
Market,"Dec. 29, 2018, 11:45 PM",Main Account,0.05973681 BTC,196.12 EUR,3283.00 EUR,0.50000 EUR,Buy
Market,"Jan. 06, 2019, 05:16 PM",Main Account,0.05973681 BTC,206.45 EUR,3456.00 EUR,0.52000 EUR,Sell
Market,"Jan. 10, 2019, 06:48 AM",Main Account,0.05981052 BTC,196.36 EUR,3283.00 EUR,0.50000 EUR,Buy
Market,"Jan. 13, 2019, 04:08 PM",Main Account,0.05266475 BTC,164.21 EUR,3118.00 EUR,0.42000 EUR,Buy
Market,"Jan. 19, 2019, 10:03 AM",Main Account,0.05266475 BTC,172.90 EUR,3283.00 EUR,0.44000 EUR,Sell
Market,"Jan. 20, 2019, 12:14 PM",Main Account,0.05770776 BTC,179.93 EUR,3118.00 EUR,0.45000 EUR,Buy
Market,"Jan. 28, 2019, 03:39 PM",Main Account,0.05321866 BTC,157.63 EUR,2962.00 EUR,0.40000 EUR,Buy
Market,"Jan. 28, 2019, 03:39 PM",Main Account,0.00678134 BTC,20.09 EUR,2962.00 EUR,0.06000 EUR,Buy
Market,"Feb. 08, 2019, 04:47 PM",Main Account,0.05321866 BTC,165.94 EUR,3118.00 EUR,0.42000 EUR,Sell
Market,"Feb. 08, 2019, 04:47 PM",Main Account,0.00678134 BTC,21.14 EUR,3118.00 EUR,0.06000 EUR,Sell
Market,"Feb. 18, 2019, 01:07 AM",Main Account,0.05770776 BTC,189.45 EUR,3283.00 EUR,0.48000 EUR,Sell
Market,"Feb. 18, 2019, 04:34 PM",Main Account,0.00579100 BTC,20.01 EUR,3456.00 EUR,0.06000 EUR,Sell
Market,"Feb. 18, 2019, 04:34 PM",Main Account,0.05401952 BTC,186.69 EUR,3456.00 EUR,0.47000 EUR,Sell
Market,"Feb. 23, 2019, 06:04 PM",Main Account,0.04830000 BTC,175.72 EUR,3638.00 EUR,0.44000 EUR,Sell
Market,"Feb. 23, 2019, 06:04 PM",Main Account,0.00702996 BTC,25.57 EUR,3638.00 EUR,0.07000 EUR,Sell
Market,"Feb. 24, 2019, 02:12 PM",Main Account,0.05503077 BTC,190.19 EUR,3456.00 EUR,0.48000 EUR,Buy
Market,"Feb. 24, 2019, 02:16 PM",Main Account,0.06000000 BTC,196.98 EUR,3283.00 EUR,0.50000 EUR,Buy
Market,"Mar. 07, 2019, 03:27 PM",Main Account,0.06000000 BTC,207.36 EUR,3456.00 EUR,0.52000 EUR,Sell
Market,"Mar. 29, 2019, 10:07 AM",Main Account,0.05503077 BTC,200.20 EUR,3638.00 EUR,0.51000 EUR,Sell
Market,"Apr. 02, 2019, 04:33 AM",Main Account,0.05000000 BTC,191.50 EUR,3830.00 EUR,0.48000 EUR,Sell
Market,"Apr. 11, 2019, 09:57 PM",Main Account,0.07127720 BTC,318.54 EUR,4469.00 EUR,0.80000 EUR,Buy
Market,"Apr. 18, 2019, 03:45 PM",Main Account,0.07127720 BTC,335.29 EUR,4704.00 EUR,0.84000 EUR,Sell
Market,"Apr. 25, 2019, 10:04 PM",Main Account,0.05362007 BTC,252.23 EUR,4704.00 EUR,0.64000 EUR,Buy
Market,"May. 03, 2019, 06:25 AM",Main Account,0.05362007 BTC,265.53 EUR,4952.00 EUR,0.67000 EUR,Sell
Market,"May. 11, 2019, 02:12 AM",Main Account,0.07253313 BTC,419.02 EUR,5777.00 EUR,1.05000 EUR,Sell
Market,"May. 11, 2019, 06:11 AM",Main Account,0.07000000 BTC,425.74 EUR,6082.00 EUR,1.07000 EUR,Sell
Market,"May. 11, 2019, 10:31 PM",Main Account,0.07874509 BTC,504.20 EUR,6403.00 EUR,1.27000 EUR,Sell
Market,"May. 11, 2019, 10:31 PM",Main Account,0.00000803 BTC,0.05 EUR,6403.00 EUR,0.01000 EUR,Sell
Market,"May. 12, 2019, 08:04 AM",Main Account,0.03433494 BTC,231.42 EUR,6740.00 EUR,0.58000 EUR,Sell
Market,"May. 12, 2019, 08:04 AM",Main Account,0.01026398 BTC,69.18 EUR,6740.00 EUR,0.18000 EUR,Sell
Market,"May. 12, 2019, 08:23 AM",Main Account,0.09000000 BTC,576.27 EUR,6403.00 EUR,1.45000 EUR,Buy
Market,"May. 12, 2019, 03:42 PM",Main Account,0.09100000 BTC,553.46 EUR,6082.00 EUR,1.39000 EUR,Buy
Market,"May. 12, 2019, 03:42 PM",Main Account,0.00006793 BTC,0.41 EUR,6082.00 EUR,0.01000 EUR,Buy
Market,"May. 13, 2019, 11:29 AM",Main Account,0.09100000 BTC,582.67 EUR,6403.00 EUR,1.46000 EUR,Sell
Market,"May. 13, 2019, 11:29 AM",Main Account,0.00006793 BTC,0.43 EUR,6403.00 EUR,0.01000 EUR,Sell
Market,"May. 13, 2019, 03:08 PM",Main Account,0.09000000 BTC,606.60 EUR,6740.00 EUR,1.52000 EUR,Sell
Market,"May. 13, 2019, 04:06 PM",Main Account,0.05149096 BTC,365.33 EUR,7095.00 EUR,0.92000 EUR,Sell
Market,"May. 16, 2019, 12:56 AM",Main Account,0.05000000 BTC,373.40 EUR,7468.00 EUR,0.94000 EUR,Sell
Market,"May. 16, 2019, 04:48 AM",Main Account,0.09000000 BTC,637.52 EUR,7083.53 EUR,1.60000 EUR,Buy
Market,"May. 17, 2019, 02:57 AM",Main Account,0.09000000 BTC,606.60 EUR,6740.00 EUR,1.52000 EUR,Buy
Market,"May. 17, 2019, 03:01 AM",Main Account,0.09000000 BTC,576.27 EUR,6403.00 EUR,1.45000 EUR,Buy
Market,"May. 17, 2019, 03:09 AM",Main Account,0.09000000 BTC,547.38 EUR,6082.00 EUR,1.37000 EUR,Buy
Market,"May. 17, 2019, 03:14 AM",Main Account,0.03046750 BTC,195.08 EUR,6403.00 EUR,0.49000 EUR,Sell
Market,"May. 17, 2019, 03:14 AM",Main Account,0.05953250 BTC,381.19 EUR,6403.00 EUR,0.96000 EUR,Sell
Market,"May. 19, 2019, 01:20 AM",Main Account,0.09000000 BTC,606.60 EUR,6740.00 EUR,1.52000 EUR,Sell
Market,"May. 19, 2019, 03:32 AM",Main Account,0.09000000 BTC,638.55 EUR,7095.00 EUR,1.60000 EUR,Sell
Market,"May. 22, 2019, 10:05 PM",Main Account,0.09000000 BTC,606.60 EUR,6740.00 EUR,1.52000 EUR,Buy
Market,"May. 23, 2019, 09:46 PM",Main Account,0.09000000 BTC,638.55 EUR,7095.00 EUR,1.60000 EUR,Sell
Market,"May. 26, 2019, 07:33 PM",Main Account,0.09000000 BTC,672.12 EUR,7468.00 EUR,1.69000 EUR,Sell
Market,"May. 27, 2019, 12:07 AM",Main Account,0.02765739 BTC,217.41 EUR,7861.00 EUR,0.55000 EUR,Sell
Market,"May. 30, 2019, 09:16 PM",Main Account,0.10000000 BTC,746.80 EUR,7468.00 EUR,1.87000 EUR,Buy
Market,"Jun. 02, 2019, 12:02 PM",Main Account,0.10000000 BTC,786.10 EUR,7861.00 EUR,1.97000 EUR,Sell
Market,"Jun. 03, 2019, 02:49 PM",Main Account,0.10000000 BTC,746.80 EUR,7468.00 EUR,1.87000 EUR,Buy
Market,"Jun. 04, 2019, 12:03 AM",Main Account,0.04000000 BTC,283.80 EUR,7095.00 EUR,0.71000 EUR,Buy
Market,"Jun. 04, 2019, 12:03 AM",Main Account,0.03000000 BTC,212.85 EUR,7095.00 EUR,0.54000 EUR,Buy
Market,"Jun. 04, 2019, 12:04 AM",Main Account,0.02000000 BTC,141.90 EUR,7095.00 EUR,0.36000 EUR,Buy
Market,"Jun. 04, 2019, 05:44 PM",Main Account,0.09000000 BTC,606.60 EUR,6740.00 EUR,1.52000 EUR,Buy
Market,"Jun. 07, 2019, 07:13 AM",Main Account,0.09000000 BTC,638.55 EUR,7095.00 EUR,1.60000 EUR,Sell
Market,"Jun. 09, 2019, 04:49 PM",Main Account,0.09000000 BTC,606.60 EUR,6740.00 EUR,1.52000 EUR,Buy
Market,"Jun. 10, 2019, 12:03 PM",Main Account,0.02500000 BTC,177.38 EUR,7095.00 EUR,0.45000 EUR,Sell
Market,"Jun. 10, 2019, 12:03 PM",Main Account,0.02500000 BTC,177.38 EUR,7095.00 EUR,0.45000 EUR,Sell
Market,"Jun. 10, 2019, 12:03 PM",Main Account,0.04000000 BTC,283.80 EUR,7095.00 EUR,0.71000 EUR,Sell
Market,"Jun. 14, 2019, 01:00 PM",Main Account,0.04000000 BTC,298.72 EUR,7468.00 EUR,0.75000 EUR,Sell
Market,"Jun. 14, 2019, 01:00 PM",Main Account,0.03000000 BTC,224.04 EUR,7468.00 EUR,0.57000 EUR,Sell
Market,"Jun. 14, 2019, 01:00 PM",Main Account,0.02000000 BTC,149.36 EUR,7468.00 EUR,0.38000 EUR,Sell
Market,"Jun. 15, 2019, 03:41 PM",Main Account,0.10000000 BTC,786.10 EUR,7861.00 EUR,1.97000 EUR,Sell
Market,"Jun. 16, 2019, 05:54 AM",Main Account,0.04900000 BTC,405.48 EUR,8275.00 EUR,1.02000 EUR,Sell
Market,"Jun. 16, 2019, 08:08 PM",Main Account,0.00454564 BTC,36.05 EUR,7930.00 EUR,0.10000 EUR,Buy
Market,"Jun. 16, 2019, 08:08 PM",Main Account,0.05402867 BTC,428.45 EUR,7930.00 EUR,1.08000 EUR,Buy
Market,"Jun. 16, 2019, 08:12 PM",Main Account,0.00479258 BTC,37.67 EUR,7861.00 EUR,0.10000 EUR,Buy
Market,"Jun. 16, 2019, 08:12 PM",Main Account,0.06873269 BTC,540.31 EUR,7861.00 EUR,1.36000 EUR,Buy
Market,"Jun. 17, 2019, 10:46 AM",Main Account,0.00479258 BTC,39.66 EUR,8275.00 EUR,0.10000 EUR,Sell
Market,"Jun. 17, 2019, 10:46 AM",Main Account,0.06873269 BTC,568.76 EUR,8275.00 EUR,1.43000 EUR,Sell
Market,"Jun. 20, 2019, 08:05 PM",Main Account,0.00454564 BTC,38.60 EUR,8492.00 EUR,0.10000 EUR,Sell
Market,"Jun. 20, 2019, 08:05 PM",Main Account,0.05402867 BTC,458.81 EUR,8492.00 EUR,1.15000 EUR,Sell
Market,"Jun. 21, 2019, 11:37 AM",Main Account,0.02235192 BTC,194.80 EUR,8715.00 EUR,0.49000 EUR,Sell
Market,"Jun. 21, 2019, 07:30 PM",Main Account,0.00116708 BTC,10.17 EUR,8710.00 EUR,0.03000 EUR,Buy
Market,"Jun. 21, 2019, 07:33 PM",Main Account,0.01679518 BTC,146.29 EUR,8710.00 EUR,0.37000 EUR,Buy
Market,"Jun. 21, 2019, 07:38 PM",Main Account,0.04425007 BTC,385.42 EUR,8710.00 EUR,0.97000 EUR,Buy
Market,"Jun. 22, 2019, 01:39 AM",Main Account,0.00116708 BTC,10.70 EUR,9168.00 EUR,0.03000 EUR,Sell
Market,"Jun. 22, 2019, 01:39 AM",Main Account,0.00613496 BTC,56.25 EUR,9168.00 EUR,0.15000 EUR,Sell
Market,"Jun. 22, 2019, 01:39 AM",Main Account,0.01066022 BTC,97.73 EUR,9168.00 EUR,0.25000 EUR,Sell
Market,"Jun. 22, 2019, 01:39 AM",Main Account,0.04423978 BTC,405.59 EUR,9168.00 EUR,1.02000 EUR,Sell
Market,"Jun. 22, 2019, 01:39 AM",Main Account,0.00001029 BTC,0.09 EUR,9168.00 EUR,0.01000 EUR,Sell
Market,"Jun. 22, 2019, 01:39 AM",Main Account,0.04500000 BTC,412.83 EUR,9174.00 EUR,1.04000 EUR,Sell
Market,"Jun. 22, 2019, 09:56 AM",Main Account,0.06458045 BTC,622.10 EUR,9633.00 EUR,1.56000 EUR,Sell
Market,"Jun. 22, 2019, 12:07 PM",Main Account,0.00460722 BTC,44.69 EUR,9699.00 EUR,0.12000 EUR,Sell
Market,"Jun. 22, 2019, 12:10 PM",Main Account,0.04717868 BTC,457.59 EUR,9699.00 EUR,1.15000 EUR,Sell
Market,"Jun. 22, 2019, 10:08 PM",Main Account,0.06000000 BTC,550.08 EUR,9168.00 EUR,1.38000 EUR,Buy
Market,"Jun. 23, 2019, 07:15 PM",Main Account,0.06000000 BTC,579.00 EUR,9650.00 EUR,1.45000 EUR,Sell
Market,"Jun. 23, 2019, 09:41 PM",Main Account,0.06000000 BTC,579.00 EUR,9650.00 EUR,1.45000 EUR,Buy
Market,"Jun. 24, 2019, 12:10 AM",Main Account,0.06000000 BTC,564.54 EUR,9409.00 EUR,1.42000 EUR,Buy
Market,"Jun. 25, 2019, 05:22 AM",Main Account,0.06000000 BTC,594.24 EUR,9904.00 EUR,1.49000 EUR,Sell
Market,"Jun. 25, 2019, 12:20 PM",Main Account,0.06000000 BTC,594.24 EUR,9904.00 EUR,1.49000 EUR,Buy
Market,"Jun. 25, 2019, 09:54 PM",Main Account,0.02996062 BTC,304.34 EUR,10158.00 EUR,0.77000 EUR,Sell
Market,"Jun. 25, 2019, 09:54 PM",Main Account,0.03003938 BTC,305.14 EUR,10158.00 EUR,0.77000 EUR,Sell
Market,"Jun. 26, 2019, 12:37 AM",Main Account,0.05546941 BTC,578.21 EUR,10424.00 EUR,1.45000 EUR,Sell
Market,"Jun. 26, 2019, 12:37 AM",Main Account,0.00453059 BTC,47.23 EUR,10424.00 EUR,0.12000 EUR,Sell
Market,"Jun. 26, 2019, 09:29 AM",Main Account,0.00353197 BTC,38.75 EUR,10972.00 EUR,0.10000 EUR,Buy
Market,"Jun. 26, 2019, 09:29 AM",Main Account,0.03449087 BTC,378.43 EUR,10972.00 EUR,0.95000 EUR,Buy
Market,"Jun. 26, 2019, 09:29 AM",Main Account,0.02197716 BTC,241.13 EUR,10972.00 EUR,0.61000 EUR,Buy
Market,"Jun. 26, 2019, 04:26 PM",Main Account,0.00255911 BTC,29.56 EUR,11549.00 EUR,0.08000 EUR,Sell
Market,"Jun. 26, 2019, 04:26 PM",Main Account,0.00097286 BTC,11.24 EUR,11549.00 EUR,0.03000 EUR,Sell
Market,"Jun. 26, 2019, 04:26 PM",Main Account,0.03449087 BTC,398.34 EUR,11549.00 EUR,0.96000 EUR,Sell
Market,"Jun. 26, 2019, 04:26 PM",Main Account,0.02197716 BTC,253.81 EUR,11549.00 EUR,0.61000 EUR,Sell
Market,"Jun. 26, 2019, 06:16 PM",Main Account,0.06000000 BTC,710.76 EUR,11846.00 EUR,1.71000 EUR,Buy
Market,"Jun. 26, 2019, 08:35 PM",Main Account,0.06000000 BTC,692.94 EUR,11549.00 EUR,1.67000 EUR,Buy
Market,"Jun. 26, 2019, 08:35 PM",Main Account,0.03048818 BTC,343.11 EUR,11254.00 EUR,0.83000 EUR,Buy
Market,"Jun. 26, 2019, 08:35 PM",Main Account,0.02951182 BTC,332.13 EUR,11254.00 EUR,0.80000 EUR,Buy
Market,"Jun. 26, 2019, 08:36 PM",Main Account,0.06000000 BTC,658.32 EUR,10972.00 EUR,1.58000 EUR,Buy
Market,"Jun. 26, 2019, 08:36 PM",Main Account,0.06000000 BTC,641.52 EUR,10692.00 EUR,1.54000 EUR,Buy
Market,"Jun. 26, 2019, 08:37 PM",Main Account,0.06000000 BTC,625.44 EUR,10424.00 EUR,1.51000 EUR,Buy
Market,"Jun. 26, 2019, 08:37 PM",Main Account,0.06000000 BTC,609.48 EUR,10158.00 EUR,1.47000 EUR,Buy
Market,"Jun. 26, 2019, 08:37 PM",Main Account,0.02193004 BTC,240.62 EUR,10972.00 EUR,0.58000 EUR,Sell
Market,"Jun. 26, 2019, 08:38 PM",Main Account,0.06000000 BTC,594.24 EUR,9904.00 EUR,1.43000 EUR,Buy
Market,"Jun. 26, 2019, 08:38 PM",Main Account,0.06000000 BTC,641.52 EUR,10692.00 EUR,1.54000 EUR,Sell
Market,"Jun. 26, 2019, 08:38 PM",Main Account,0.03806996 BTC,417.70 EUR,10972.00 EUR,1.01000 EUR,Sell
Market,"Jun. 26, 2019, 08:38 PM",Main Account,0.05100000 BTC,573.12 EUR,11237.59 EUR,1.38000 EUR,Sell
Market,"Jun. 26, 2019, 08:38 PM",Main Account,0.00900000 BTC,101.14 EUR,11237.59 EUR,0.25000 EUR,Sell
Market,"Jun. 26, 2019, 08:38 PM",Main Account,0.06000000 BTC,675.24 EUR,11254.00 EUR,1.63000 EUR,Sell
Market,"Jun. 26, 2019, 09:12 PM",Main Account,0.06000000 BTC,641.52 EUR,10692.00 EUR,1.54000 EUR,Buy
Market,"Jun. 26, 2019, 09:13 PM",Main Account,0.06000000 BTC,625.44 EUR,10424.00 EUR,1.51000 EUR,Buy
Market,"Jun. 26, 2019, 09:19 PM",Main Account,0.06000000 BTC,658.32 EUR,10972.00 EUR,1.58000 EUR,Sell
Market,"Jun. 26, 2019, 09:23 PM",Main Account,0.06000000 BTC,625.44 EUR,10424.00 EUR,1.51000 EUR,Buy
Market,"Jun. 26, 2019, 09:40 PM",Main Account,0.00345547 BTC,37.91 EUR,10972.00 EUR,0.10000 EUR,Sell
Market,"Jun. 26, 2019, 09:40 PM",Main Account,0.05654453 BTC,620.41 EUR,10972.00 EUR,1.49000 EUR,Sell
Market,"Jun. 26, 2019, 11:28 PM",Main Account,0.00428914 BTC,48.27 EUR,11254.00 EUR,0.12000 EUR,Sell
Market,"Jun. 26, 2019, 11:29 PM",Main Account,0.05571086 BTC,626.97 EUR,11254.00 EUR,1.51000 EUR,Sell
Market,"Jun. 27, 2019, 12:10 AM",Main Account,0.00500000 BTC,57.74 EUR,11549.00 EUR,0.14000 EUR,Sell
Market,"Jun. 27, 2019, 12:10 AM",Main Account,0.00500000 BTC,57.74 EUR,11549.00 EUR,0.14000 EUR,Sell
Market,"Jun. 27, 2019, 12:10 AM",Main Account,0.00500000 BTC,57.74 EUR,11549.00 EUR,0.14000 EUR,Sell
Market,"Jun. 27, 2019, 12:11 AM",Main Account,0.00500000 BTC,57.74 EUR,11549.00 EUR,0.14000 EUR,Sell
Market,"Jun. 27, 2019, 12:11 AM",Main Account,0.04000000 BTC,461.96 EUR,11549.00 EUR,1.11000 EUR,Sell
Market,"Jun. 27, 2019, 06:25 AM",Main Account,0.09000000 BTC,987.48 EUR,10972.00 EUR,2.37000 EUR,Buy
Market,"Jun. 27, 2019, 06:39 AM",Main Account,0.06000000 BTC,641.52 EUR,10692.00 EUR,1.54000 EUR,Buy
Market,"Jun. 27, 2019, 08:54 AM",Main Account,0.06000000 BTC,625.44 EUR,10424.00 EUR,1.51000 EUR,Buy
Market,"Jun. 27, 2019, 09:11 AM",Main Account,0.06000000 BTC,609.48 EUR,10158.00 EUR,1.47000 EUR,Buy
Market,"Jun. 27, 2019, 09:30 AM",Main Account,0.05277423 BTC,522.68 EUR,9904.00 EUR,1.26000 EUR,Buy
Market,"Jun. 27, 2019, 09:30 AM",Main Account,0.00722577 BTC,71.56 EUR,9904.00 EUR,0.18000 EUR,Buy
Market,"Jun. 27, 2019, 10:02 AM",Main Account,0.05277423 BTC,550.12 EUR,10424.00 EUR,1.33000 EUR,Sell
Market,"Jun. 27, 2019, 10:02 AM",Main Account,0.00722577 BTC,75.32 EUR,10424.00 EUR,0.19000 EUR,Sell
Market,"Jun. 27, 2019, 04:19 PM",Main Account,0.05918562 BTC,586.17 EUR,9904.00 EUR,1.41000 EUR,Buy
Market,"Jun. 27, 2019, 04:21 PM",Main Account,0.06000000 BTC,579.00 EUR,9650.00 EUR,1.39000 EUR,Buy
Market,"Jun. 27, 2019, 05:03 PM",Main Account,0.05256991 BTC,494.63 EUR,9409.00 EUR,1.19000 EUR,Buy
Market,"Jun. 27, 2019, 05:03 PM",Main Account,0.01743009 BTC,164.00 EUR,9409.00 EUR,0.40000 EUR,Buy
Market,"Jun. 27, 2019, 11:10 PM",Main Account,0.05256991 BTC,520.65 EUR,9904.00 EUR,1.25000 EUR,Sell
Market,"Jun. 27, 2019, 11:10 PM",Main Account,0.01743009 BTC,172.63 EUR,9904.00 EUR,0.42000 EUR,Sell
Market,"Jun. 28, 2019, 08:49 AM",Main Account,0.06000000 BTC,609.48 EUR,10158.00 EUR,1.47000 EUR,Sell
Market,"Jun. 28, 2019, 09:17 AM",Main Account,0.05862000 BTC,611.05 EUR,10424.00 EUR,1.47000 EUR,Sell
Market,"Jun. 28, 2019, 09:17 AM",Main Account,0.00056562 BTC,5.90 EUR,10424.00 EUR,0.02000 EUR,Sell
Market,"Jun. 28, 2019, 07:17 PM",Main Account,0.06000000 BTC,641.52 EUR,10692.00 EUR,1.54000 EUR,Sell
Market,"Jun. 30, 2019, 01:49 PM",Main Account,0.05000000 BTC,495.20 EUR,9904.00 EUR,1.19000 EUR,Buy
Market,"Jun. 30, 2019, 02:17 PM",Main Account,0.01000000 BTC,96.50 EUR,9650.00 EUR,0.24000 EUR,Buy
Market,"Jun. 30, 2019, 02:17 PM",Main Account,0.04000000 BTC,386.00 EUR,9650.00 EUR,0.93000 EUR,Buy
Market,"Jun. 30, 2019, 11:47 PM",Main Account,0.04000000 BTC,376.36 EUR,9409.00 EUR,0.91000 EUR,Buy
Market,"Jul. 01, 2019, 02:45 PM",Main Account,0.05000000 BTC,458.40 EUR,9168.00 EUR,1.11000 EUR,Buy
Market,"Jul. 02, 2019, 08:21 PM",Main Account,0.05000000 BTC,482.50 EUR,9650.00 EUR,1.16000 EUR,Sell
Market,"Jul. 03, 2019, 12:32 AM",Main Account,0.04000000 BTC,396.16 EUR,9904.00 EUR,0.96000 EUR,Sell
Market,"Jul. 03, 2019, 05:12 AM",Main Account,0.01000000 BTC,101.58 EUR,10158.00 EUR,0.25000 EUR,Sell
Market,"Jul. 03, 2019, 05:12 AM",Main Account,0.04000000 BTC,406.32 EUR,10158.00 EUR,0.98000 EUR,Sell
Market,"Jul. 03, 2019, 06:32 AM",Main Account,0.01270797 BTC,129.09 EUR,10158.00 EUR,0.31000 EUR,Buy
Market,"Jul. 03, 2019, 06:32 AM",Main Account,0.03729000 BTC,378.79 EUR,10158.00 EUR,0.91000 EUR,Buy
Market,"Jul. 03, 2019, 06:32 AM",Main Account,0.00000203 BTC,0.02 EUR,10158.00 EUR,0.01000 EUR,Buy
Market,"Jul. 03, 2019, 10:27 PM",Main Account,0.05000000 BTC,521.20 EUR,10424.00 EUR,1.26000 EUR,Sell
Market,"Jul. 04, 2019, 11:10 PM",Main Account,0.05000000 BTC,495.20 EUR,9904.00 EUR,1.19000 EUR,Buy
Market,"Jul. 05, 2019, 06:51 AM",Main Account,0.00300000 BTC,28.95 EUR,9650.00 EUR,0.07000 EUR,Buy
Market,"Jul. 05, 2019, 06:51 AM",Main Account,0.04700000 BTC,453.55 EUR,9650.00 EUR,1.09000 EUR,Buy
Market,"Jul. 05, 2019, 02:29 PM",Main Account,0.00300000 BTC,30.47 EUR,10158.00 EUR,0.08000 EUR,Sell
Market,"Jul. 05, 2019, 02:29 PM",Main Account,0.04700000 BTC,477.43 EUR,10158.00 EUR,1.15000 EUR,Sell
Market,"Jul. 05, 2019, 08:33 PM",Main Account,0.05000000 BTC,482.50 EUR,9650.00 EUR,1.16000 EUR,Buy
Market,"Jul. 06, 2019, 12:58 AM",Main Account,0.05000000 BTC,507.90 EUR,10158.00 EUR,1.22000 EUR,Sell
Market,"Jul. 06, 2019, 04:03 PM",Main Account,0.02341008 BTC,244.03 EUR,10424.00 EUR,0.59000 EUR,Sell
Market,"Jul. 06, 2019, 04:03 PM",Main Account,0.02658992 BTC,277.17 EUR,10424.00 EUR,0.67000 EUR,Sell
Market,"Jul. 06, 2019, 09:25 PM",Main Account,0.06000000 BTC,594.24 EUR,9904.00 EUR,1.43000 EUR,Buy
Market,"Jul. 08, 2019, 08:59 AM",Main Account,0.06000000 BTC,625.44 EUR,10424.00 EUR,1.51000 EUR,Sell
Market,"Jul. 08, 2019, 11:47 AM",Main Account,0.01270797 BTC,135.87 EUR,10692.00 EUR,0.33000 EUR,Sell
Market,"Jul. 08, 2019, 11:47 AM",Main Account,0.03729000 BTC,398.70 EUR,10692.00 EUR,0.96000 EUR,Sell
Market,"Jul. 08, 2019, 11:47 AM",Main Account,0.00000203 BTC,0.02 EUR,10692.00 EUR,0.01000 EUR,Sell
Market,"Jul. 08, 2019, 08:02 PM",Main Account,0.05997700 BTC,658.07 EUR,10972.00 EUR,1.58000 EUR,Sell
Market,"Jul. 08, 2019, 08:02 PM",Main Account,0.00002300 BTC,0.25 EUR,10972.00 EUR,0.01000 EUR,Sell
Market,"Jul. 09, 2019, 02:00 AM",Main Account,0.06000000 BTC,675.24 EUR,11254.00 EUR,1.63000 EUR,Sell
Market,"Jul. 10, 2019, 01:26 AM",Main Account,0.08715696 BTC,1006.58 EUR,11549.00 EUR,2.42000 EUR,Sell
Market,"Jul. 10, 2019, 01:26 AM",Main Account,0.00284304 BTC,32.83 EUR,11549.00 EUR,0.08000 EUR,Sell
Market,"Jul. 10, 2019, 03:00 PM",Main Account,0.07000000 BTC,768.04 EUR,10972.00 EUR,1.85000 EUR,Buy
Market,"Jul. 10, 2019, 07:35 PM",Main Account,0.06000000 BTC,641.52 EUR,10692.00 EUR,1.54000 EUR,Buy
Market,"Jul. 10, 2019, 08:14 PM",Main Account,0.05000000 BTC,521.20 EUR,10424.00 EUR,1.26000 EUR,Buy
Market,"Jul. 11, 2019, 04:25 AM",Main Account,0.05000000 BTC,507.90 EUR,10158.00 EUR,1.22000 EUR,Buy
Market,"Jul. 11, 2019, 08:27 PM",Main Account,0.05000000 BTC,495.20 EUR,9904.00 EUR,1.19000 EUR,Buy
Market,"Jul. 12, 2019, 10:06 AM",Main Account,0.02607864 BTC,271.84 EUR,10424.00 EUR,0.66000 EUR,Sell
Market,"Jul. 12, 2019, 10:06 AM",Main Account,0.02390000 BTC,249.13 EUR,10424.00 EUR,0.60000 EUR,Sell
Market,"Jul. 12, 2019, 10:06 AM",Main Account,0.00002136 BTC,0.22 EUR,10424.00 EUR,0.01000 EUR,Sell
Market,"Jul. 13, 2019, 06:17 PM",Main Account,0.06000000 BTC,594.24 EUR,9904.00 EUR,1.43000 EUR,Buy
Market,"Jul. 13, 2019, 08:36 PM",Main Account,0.07000000 BTC,675.50 EUR,9650.00 EUR,1.63000 EUR,Buy
Market,"Jul. 13, 2019, 10:25 PM",Main Account,0.07000000 BTC,711.06 EUR,10158.00 EUR,1.71000 EUR,Sell
Market,"Jul. 14, 2019, 09:52 AM",Main Account,0.06000000 BTC,579.00 EUR,9650.00 EUR,1.39000 EUR,Buy
Market,"Jul. 14, 2019, 11:52 AM",Main Account,0.05000000 BTC,470.45 EUR,9409.00 EUR,1.13000 EUR,Buy
Market,"Jul. 14, 2019, 03:49 PM",Main Account,0.05000000 BTC,458.40 EUR,9168.00 EUR,1.11000 EUR,Buy
Market,"Jul. 15, 2019, 12:06 AM",Main Account,0.06000000 BTC,536.34 EUR,8939.00 EUR,1.29000 EUR,Buy
Market,"Jul. 15, 2019, 02:28 PM",Main Account,0.01715293 BTC,161.39 EUR,9409.00 EUR,0.39000 EUR,Sell
Market,"Jul. 15, 2019, 02:28 PM",Main Account,0.00317993 BTC,29.92 EUR,9409.00 EUR,0.08000 EUR,Sell
Market,"Jul. 15, 2019, 02:28 PM",Main Account,0.03966714 BTC,373.23 EUR,9409.00 EUR,0.90000 EUR,Sell
Market,"Jul. 15, 2019, 06:42 PM",Main Account,0.05000000 BTC,482.50 EUR,9650.00 EUR,1.16000 EUR,Sell
Market,"Jul. 16, 2019, 04:02 PM",Main Account,0.06000000 BTC,550.08 EUR,9168.00 EUR,1.33000 EUR,Buy
Market,"Jul. 16, 2019, 04:17 PM",Main Account,0.06000000 BTC,536.34 EUR,8939.00 EUR,1.29000 EUR,Buy
Market,"Jul. 18, 2019, 04:11 PM",Main Account,0.06000000 BTC,564.54 EUR,9409.00 EUR,1.36000 EUR,Sell
Market,"Jul. 20, 2019, 04:57 PM",Main Account,0.03358000 BTC,324.05 EUR,9650.00 EUR,0.78000 EUR,Sell
Market,"Jul. 20, 2019, 04:57 PM",Main Account,0.02642000 BTC,254.95 EUR,9650.00 EUR,0.62000 EUR,Sell
Market,"Jul. 20, 2019, 11:05 PM",Main Account,0.05000000 BTC,495.20 EUR,9904.00 EUR,1.19000 EUR,Sell
Market,"Jul. 22, 2019, 02:42 PM",Main Account,0.01234411 BTC,113.17 EUR,9168.00 EUR,0.28000 EUR,Buy
Market,"Jul. 22, 2019, 02:42 PM",Main Account,0.04765589 BTC,436.91 EUR,9168.00 EUR,1.05000 EUR,Buy
Market,"Jul. 23, 2019, 06:36 AM",Main Account,0.06000000 BTC,536.34 EUR,8939.00 EUR,1.29000 EUR,Buy
Market,"Jul. 23, 2019, 06:36 AM",Main Account,0.06000000 BTC,536.34 EUR,8939.00 EUR,1.29000 EUR,Buy
Market,"Aug. 01, 2019, 08:23 PM",Main Account,0.06000000 BTC,564.54 EUR,9409.00 EUR,1.36000 EUR,Sell
Market,"Aug. 01, 2019, 08:23 PM",Main Account,0.06000000 BTC,564.54 EUR,9409.00 EUR,1.36000 EUR,Sell
Market,"Aug. 03, 2019, 02:20 AM",Main Account,0.01234411 BTC,119.12 EUR,9650.00 EUR,0.29000 EUR,Sell
Market,"Aug. 03, 2019, 02:20 AM",Main Account,0.04765589 BTC,459.88 EUR,9650.00 EUR,1.11000 EUR,Sell
Market,"Aug. 05, 2019, 01:29 AM",Main Account,0.06000000 BTC,609.48 EUR,10158.00 EUR,1.47000 EUR,Sell
Market,"Aug. 05, 2019, 02:53 AM",Main Account,0.00099178 BTC,10.34 EUR,10424.00 EUR,0.03000 EUR,Sell
Market,"Aug. 05, 2019, 02:53 AM",Main Account,0.05900822 BTC,615.10 EUR,10424.00 EUR,1.48000 EUR,Sell
Market,"Aug. 06, 2019, 06:41 AM",Main Account,0.05000000 BTC,534.60 EUR,10692.00 EUR,1.29000 EUR,Sell
Market,"Aug. 06, 2019, 10:06 AM",Main Account,0.05000000 BTC,548.60 EUR,10972.00 EUR,1.32000 EUR,Sell
Market,"Aug. 06, 2019, 10:46 AM",Main Account,0.05000000 BTC,521.20 EUR,10424.00 EUR,1.26000 EUR,Buy
Market,"Aug. 06, 2019, 09:25 PM",Main Account,0.05000000 BTC,507.90 EUR,10158.00 EUR,1.22000 EUR,Buy
Market,"Aug. 07, 2019, 01:10 PM",Main Account,0.05000000 BTC,534.60 EUR,10692.00 EUR,1.29000 EUR,Sell
Market,"Aug. 10, 2019, 11:29 AM",Main Account,0.05000000 BTC,507.90 EUR,10158.00 EUR,1.22000 EUR,Buy
Market,"Aug. 11, 2019, 09:15 AM",Main Account,0.05000000 BTC,495.20 EUR,9904.00 EUR,1.19000 EUR,Buy
Market,"Aug. 13, 2019, 04:52 PM",Main Account,0.05000000 BTC,482.50 EUR,9650.00 EUR,1.21000 EUR,Buy
Market,"Aug. 14, 2019, 02:06 AM",Main Account,0.05000000 BTC,470.45 EUR,9409.00 EUR,1.18000 EUR,Buy
Market,"Aug. 14, 2019, 05:03 PM",Main Account,0.04999485 BTC,458.35 EUR,9168.00 EUR,1.15000 EUR,Buy
Market,"Aug. 14, 2019, 05:03 PM",Main Account,0.00000515 BTC,0.05 EUR,9168.00 EUR,0.01000 EUR,Buy
Market,"Aug. 14, 2019, 11:47 PM",Main Account,0.05000000 BTC,446.95 EUR,8939.00 EUR,1.12000 EUR,Buy
Market,"Aug. 15, 2019, 04:20 AM",Main Account,0.05000000 BTC,435.50 EUR,8710.00 EUR,1.09000 EUR,Buy
Market,"Aug. 15, 2019, 08:20 PM",Main Account,0.05000000 BTC,458.40 EUR,9168.00 EUR,1.15000 EUR,Sell
Market,"Aug. 15, 2019, 10:30 PM",Main Account,0.05000000 BTC,470.45 EUR,9409.00 EUR,1.18000 EUR,Sell
Market,"Aug. 16, 2019, 06:07 AM",Main Account,0.05000000 BTC,445.50 EUR,8910.00 EUR,1.12000 EUR,Buy
Market,"Aug. 16, 2019, 03:46 PM",Main Account,0.00454947 BTC,42.81 EUR,9409.00 EUR,0.11000 EUR,Sell
Market,"Aug. 16, 2019, 03:46 PM",Main Account,0.00374009 BTC,35.19 EUR,9409.00 EUR,0.09000 EUR,Sell
Market,"Aug. 16, 2019, 03:46 PM",Main Account,0.04171044 BTC,392.45 EUR,9409.00 EUR,0.99000 EUR,Sell
Market,"Aug. 19, 2019, 07:14 AM",Main Account,0.04999485 BTC,482.45 EUR,9650.00 EUR,1.21000 EUR,Sell
Market,"Aug. 19, 2019, 07:14 AM",Main Account,0.00000515 BTC,0.05 EUR,9650.00 EUR,0.01000 EUR,Sell
Market,"Aug. 21, 2019, 04:22 AM",Main Account,0.05000000 BTC,458.40 EUR,9168.00 EUR,1.15000 EUR,Buy
Market,"Aug. 21, 2019, 12:44 PM",Main Account,0.05000000 BTC,446.95 EUR,8939.00 EUR,1.12000 EUR,Buy
Market,"Aug. 23, 2019, 01:40 PM",Main Account,0.05000000 BTC,470.45 EUR,9409.00 EUR,1.18000 EUR,Sell
Market,"Aug. 24, 2019, 09:19 AM",Main Account,0.02361200 BTC,211.07 EUR,8939.00 EUR,0.53000 EUR,Buy
Market,"Aug. 24, 2019, 09:19 AM",Main Account,0.02638800 BTC,235.88 EUR,8939.00 EUR,0.59000 EUR,Buy
Market,"Aug. 26, 2019, 12:16 AM",Main Account,0.02361200 BTC,222.17 EUR,9409.00 EUR,0.56000 EUR,Sell
Market,"Aug. 26, 2019, 12:16 AM",Main Account,0.02638800 BTC,248.28 EUR,9409.00 EUR,0.63000 EUR,Sell
Market,"Aug. 28, 2019, 06:14 PM",Main Account,0.05000000 BTC,446.95 EUR,8939.00 EUR,1.12000 EUR,Buy
Market,"Aug. 28, 2019, 06:18 PM",Main Account,0.05000000 BTC,435.50 EUR,8710.00 EUR,1.09000 EUR,Buy
Market,"Sep. 02, 2019, 05:22 PM",Main Account,0.00533025 BTC,48.87 EUR,9168.00 EUR,0.13000 EUR,Sell
Market,"Sep. 02, 2019, 05:22 PM",Main Account,0.04466975 BTC,409.53 EUR,9168.00 EUR,1.03000 EUR,Sell
Market,"Sep. 02, 2019, 08:21 PM",Main Account,0.05000000 BTC,470.45 EUR,9409.00 EUR,1.18000 EUR,Sell
Market,"Sep. 03, 2019, 12:53 PM",Main Account,0.05000000 BTC,482.50 EUR,9650.00 EUR,1.21000 EUR,Sell
Market,"Sep. 06, 2019, 12:15 PM",Main Account,0.04994710 BTC,494.68 EUR,9904.00 EUR,1.24000 EUR,Sell
Market,"Sep. 06, 2019, 12:15 PM",Main Account,0.00005290 BTC,0.52 EUR,9904.00 EUR,0.01000 EUR,Sell
Market,"Sep. 06, 2019, 05:47 PM",Main Account,0.05000000 BTC,470.45 EUR,9409.00 EUR,1.18000 EUR,Buy
Market,"Sep. 09, 2019, 07:30 AM",Main Account,0.02517373 BTC,230.79 EUR,9168.00 EUR,0.58000 EUR,Buy
Market,"Sep. 09, 2019, 07:30 AM",Main Account,0.02482627 BTC,227.61 EUR,9168.00 EUR,0.57000 EUR,Buy
Market,"Sep. 11, 2019, 06:51 AM",Main Account,0.05000000 BTC,446.95 EUR,8939.00 EUR,1.12000 EUR,Buy
Market,"Sep. 12, 2019, 09:21 PM",Main Account,0.05000000 BTC,470.45 EUR,9409.00 EUR,1.18000 EUR,Sell
Market,"Sep. 19, 2019, 03:03 AM",Main Account,0.05000000 BTC,446.95 EUR,8939.00 EUR,2.24000 EUR,Buy
Market,"Sep. 24, 2019, 01:42 PM",Main Account,0.05000000 BTC,435.50 EUR,8710.00 EUR,2.18000 EUR,Buy
Market,"Sep. 24, 2019, 06:44 PM",Main Account,0.05000000 BTC,424.60 EUR,8492.00 EUR,2.13000 EUR,Buy
Market,"Sep. 24, 2019, 07:39 PM",Main Account,0.01516514 BTC,116.23 EUR,7664.00 EUR,0.59000 EUR,Buy
Deposit,"Sep. 26, 2019, 08:45 AM",Main Account,1000.00 EUR,,,,
Market,"Sep. 27, 2019, 12:56 AM",Main Account,0.04000000 BTC,291.24 EUR,7281.00 EUR,1.46000 EUR,Buy
Market,"Sep. 30, 2019, 04:00 PM",Main Account,0.04000000 BTC,306.56 EUR,7664.00 EUR,1.54000 EUR,Sell
Market,"Oct. 01, 2019, 11:36 AM",Main Account,0.02295231 BTC,175.91 EUR,7664.00 EUR,0.88000 EUR,Buy
Market,"Oct. 01, 2019, 11:36 AM",Main Account,0.01704769 BTC,130.65 EUR,7664.00 EUR,0.66000 EUR,Buy
Market,"Oct. 03, 2019, 02:16 PM",Main Account,0.04000000 BTC,298.72 EUR,7468.00 EUR,1.50000 EUR,Buy
Market,"Oct. 06, 2019, 06:47 AM",Main Account,0.04000000 BTC,291.24 EUR,7281.00 EUR,1.46000 EUR,Buy
Market,"Oct. 07, 2019, 12:29 AM",Main Account,0.01488809 BTC,105.63 EUR,7095.00 EUR,0.53000 EUR,Buy
Market,"Oct. 07, 2019, 01:19 PM",Main Account,0.01488000 BTC,111.12 EUR,7468.00 EUR,0.56000 EUR,Sell
Market,"Oct. 07, 2019, 01:19 PM",Main Account,0.00000809 BTC,0.06 EUR,7468.00 EUR,0.01000 EUR,Sell
Market,"Oct. 09, 2019, 02:20 PM",Main Account,0.04000000 BTC,306.56 EUR,7664.00 EUR,1.54000 EUR,Sell
Market,"Oct. 09, 2019, 03:25 PM",Main Account,0.04000000 BTC,314.44 EUR,7861.00 EUR,1.58000 EUR,Sell
Market,"Oct. 13, 2019, 08:16 PM",Main Account,0.04000000 BTC,298.72 EUR,7468.00 EUR,1.50000 EUR,Buy
Market,"Oct. 16, 2019, 11:41 AM",Main Account,0.04000000 BTC,291.24 EUR,7281.00 EUR,1.46000 EUR,Buy
Market,"Oct. 18, 2019, 05:34 AM",Main Account,0.01827040 BTC,129.63 EUR,7095.00 EUR,0.65000 EUR,Buy
Market,"Oct. 21, 2019, 03:20 PM",Main Account,0.01827040 BTC,136.44 EUR,7468.00 EUR,0.69000 EUR,Sell
Market,"Oct. 23, 2019, 12:41 PM",Main Account,0.02033495 BTC,144.28 EUR,7095.00 EUR,0.73000 EUR,Buy
Market,"Oct. 25, 2019, 03:49 PM",Main Account,0.02033495 BTC,151.86 EUR,7468.00 EUR,0.76000 EUR,Sell
Market,"Oct. 25, 2019, 03:51 PM",Main Account,0.04000000 BTC,306.56 EUR,7664.00 EUR,1.54000 EUR,Sell
Market,"Oct. 25, 2019, 05:20 PM",Main Account,0.04000000 BTC,314.44 EUR,7861.00 EUR,1.58000 EUR,Sell
Market,"Oct. 26, 2019, 12:33 AM",Main Account,0.01516514 BTC,122.35 EUR,8068.00 EUR,0.62000 EUR,Sell
Market,"Oct. 26, 2019, 12:33 AM",Main Account,0.02295231 BTC,185.18 EUR,8068.00 EUR,0.93000 EUR,Sell
Market,"Oct. 26, 2019, 12:33 AM",Main Account,0.01704769 BTC,137.54 EUR,8068.00 EUR,0.69000 EUR,Sell
Market,"Oct. 26, 2019, 01:42 AM",Main Account,0.05000000 BTC,446.95 EUR,8939.00 EUR,2.24000 EUR,Sell
Market,"Oct. 26, 2019, 01:43 AM",Main Account,0.05000000 BTC,458.40 EUR,9168.00 EUR,2.30000 EUR,Sell
Market,"Oct. 26, 2019, 01:44 AM",Main Account,0.05000000 BTC,470.45 EUR,9409.00 EUR,2.36000 EUR,Sell
Market,"Oct. 26, 2019, 09:05 AM",Main Account,0.05000000 BTC,413.75 EUR,8275.00 EUR,2.07000 EUR,Buy
Market,"Oct. 26, 2019, 06:53 PM",Main Account,0.05000000 BTC,403.40 EUR,8068.00 EUR,2.02000 EUR,Buy
Market,"Oct. 27, 2019, 10:46 AM",Main Account,0.00086100 BTC,7.31 EUR,8492.00 EUR,0.04000 EUR,Sell
Market,"Oct. 27, 2019, 10:46 AM",Main Account,0.04913900 BTC,417.29 EUR,8492.00 EUR,2.09000 EUR,Sell
Market,"Oct. 27, 2019, 04:17 PM",Main Account,0.05000000 BTC,435.50 EUR,8710.00 EUR,2.18000 EUR,Sell
Market,"Nov. 08, 2019, 02:46 PM",Main Account,0.05000000 BTC,393.05 EUR,7861.00 EUR,1.97000 EUR,Buy
Market,"Nov. 15, 2019, 02:31 PM",Main Account,0.05000000 BTC,383.20 EUR,7664.00 EUR,1.92000 EUR,Buy
Market,"Nov. 18, 2019, 06:16 PM",Main Account,0.04000000 BTC,298.72 EUR,7468.00 EUR,1.50000 EUR,Buy
Market,"Nov. 18, 2019, 06:32 PM",Main Account,0.04000000 BTC,291.24 EUR,7281.00 EUR,1.46000 EUR,Buy
Market,"Nov. 21, 2019, 11:14 AM",Main Account,0.04509331 BTC,319.94 EUR,7095.00 EUR,1.60000 EUR,Buy
Deposit,"Dec. 12, 2019, 09:45 AM",Main Account,500.00 EUR,,,,
Market,"Dec. 14, 2019, 02:00 PM",Main Account,0.05000000 BTC,320.15 EUR,6403.00 EUR,1.61000 EUR,Buy
Market,"Dec. 16, 2019, 06:31 PM",Main Account,0.01935617 BTC,120.82 EUR,6242.00 EUR,0.61000 EUR,Buy
Market,"Dec. 16, 2019, 06:31 PM",Main Account,0.03064383 BTC,191.28 EUR,6242.00 EUR,0.96000 EUR,Buy
Market,"Dec. 17, 2019, 01:44 PM",Main Account,0.05000000 BTC,304.10 EUR,6082.00 EUR,1.53000 EUR,Buy
Market,"Dec. 17, 2019, 07:34 PM",Main Account,0.05000000 BTC,296.50 EUR,5930.00 EUR,1.49000 EUR,Buy
Market,"Dec. 18, 2019, 05:13 PM",Main Account,0.05000000 BTC,312.10 EUR,6242.00 EUR,1.57000 EUR,Sell
Market,"Dec. 18, 2019, 08:22 PM",Main Account,0.05000000 BTC,320.15 EUR,6403.00 EUR,1.61000 EUR,Sell
Market,"Dec. 18, 2019, 10:57 PM",Main Account,0.00804019 BTC,52.83 EUR,6571.00 EUR,0.27000 EUR,Sell
Market,"Dec. 18, 2019, 10:57 PM",Main Account,0.01131598 BTC,74.36 EUR,6571.00 EUR,0.38000 EUR,Sell
Market,"Dec. 18, 2019, 10:57 PM",Main Account,0.01068402 BTC,70.20 EUR,6571.00 EUR,0.36000 EUR,Sell
Market,"Dec. 18, 2019, 10:57 PM",Main Account,0.01995981 BTC,131.16 EUR,6571.00 EUR,0.66000 EUR,Sell
Market,"Dec. 22, 2019, 07:14 PM",Main Account,0.05000000 BTC,337.00 EUR,6740.00 EUR,1.69000 EUR,Sell
Market,"Dec. 27, 2019, 11:52 AM",Main Account,0.05000000 BTC,320.15 EUR,6403.00 EUR,1.61000 EUR,Buy
Market,"Jan. 02, 2020, 05:02 PM",Main Account,0.05200000 BTC,324.58 EUR,6242.00 EUR,1.63000 EUR,Buy
Market,"Jan. 03, 2020, 04:44 AM",Main Account,0.05200000 BTC,341.69 EUR,6571.00 EUR,1.71000 EUR,Sell
Market,"Jan. 06, 2020, 02:09 AM",Main Account,0.05000000 BTC,337.00 EUR,6740.00 EUR,1.69000 EUR,Sell
Market,"Jan. 07, 2020, 04:01 PM",Main Account,0.05000000 BTC,345.85 EUR,6917.00 EUR,1.73000 EUR,Buy
Market,"Jan. 07, 2020, 06:37 PM",Main Account,0.05000000 BTC,364.05 EUR,7281.00 EUR,1.83000 EUR,Sell
Market,"Jan. 08, 2020, 12:12 AM",Main Account,0.04500000 BTC,336.06 EUR,7468.00 EUR,1.69000 EUR,Sell
Market,"Jan. 08, 2020, 12:12 AM",Main Account,0.00009331 BTC,0.70 EUR,7468.00 EUR,0.01000 EUR,Sell
Market,"Jan. 10, 2020, 10:20 AM",Main Account,0.05000000 BTC,345.85 EUR,6917.00 EUR,1.73000 EUR,Buy
Market,"Jan. 10, 2020, 03:22 PM",Main Account,0.05000000 BTC,364.05 EUR,7281.00 EUR,1.83000 EUR,Sell
Market,"Jan. 14, 2020, 04:02 AM",Main Account,0.01000000 BTC,76.64 EUR,7664.00 EUR,0.39000 EUR,Sell
Market,"Jan. 14, 2020, 04:02 AM",Main Account,0.03000000 BTC,229.92 EUR,7664.00 EUR,1.15000 EUR,Sell
Market,"Jan. 14, 2020, 02:33 PM",Main Account,0.00445931 BTC,35.05 EUR,7861.00 EUR,0.18000 EUR,Sell
Market,"Jan. 14, 2020, 02:33 PM",Main Account,0.01992931 BTC,156.66 EUR,7861.00 EUR,0.79000 EUR,Sell
Market,"Jan. 14, 2020, 02:33 PM",Main Account,0.01561138 BTC,122.72 EUR,7861.00 EUR,0.62000 EUR,Sell
Market,"Jan. 17, 2020, 06:18 AM",Main Account,0.05000000 BTC,403.40 EUR,8068.00 EUR,2.02000 EUR,Sell
Market,"Jan. 19, 2020, 03:29 AM",Main Account,0.05000000 BTC,413.75 EUR,8275.00 EUR,2.07000 EUR,Sell
Market,"Jan. 19, 2020, 11:02 AM",Main Account,0.05000000 BTC,393.05 EUR,7861.00 EUR,1.97000 EUR,Buy
Market,"Jan. 19, 2020, 11:03 AM",Main Account,0.05000000 BTC,383.20 EUR,7664.00 EUR,1.92000 EUR,Buy
Market,"Jan. 24, 2020, 09:59 AM",Main Account,0.01506601 BTC,112.51 EUR,7468.00 EUR,0.57000 EUR,Buy
Market,"Jan. 24, 2020, 10:00 AM",Main Account,0.01000000 BTC,74.68 EUR,7468.00 EUR,0.38000 EUR,Buy
Market,"Jan. 24, 2020, 10:00 AM",Main Account,0.02490000 BTC,185.95 EUR,7468.00 EUR,0.93000 EUR,Buy
Market,"Jan. 24, 2020, 10:00 AM",Main Account,0.00003399 BTC,0.25 EUR,7468.00 EUR,0.01000 EUR,Buy
Market,"Jan. 27, 2020, 12:23 AM",Main Account,0.01506601 BTC,118.43 EUR,7861.00 EUR,0.60000 EUR,Sell
Market,"Jan. 27, 2020, 12:23 AM",Main Account,0.01000000 BTC,78.61 EUR,7861.00 EUR,0.40000 EUR,Sell
Market,"Jan. 27, 2020, 12:23 AM",Main Account,0.02490000 BTC,195.74 EUR,7861.00 EUR,0.98000 EUR,Sell
Market,"Jan. 27, 2020, 12:23 AM",Main Account,0.00003399 BTC,0.27 EUR,7861.00 EUR,0.01000 EUR,Sell
Market,"Jan. 27, 2020, 07:11 PM",Main Account,0.05000000 BTC,403.40 EUR,8068.00 EUR,2.02000 EUR,Sell
Market,"Jan. 28, 2020, 01:04 AM",Main Account,0.05000000 BTC,413.75 EUR,8275.00 EUR,2.07000 EUR,Sell
Market,"Jan. 29, 2020, 09:22 PM",Main Account,0.05000000 BTC,424.60 EUR,8492.00 EUR,2.13000 EUR,Buy
Market,"Feb. 02, 2020, 04:08 AM",Main Account,0.05000000 BTC,413.75 EUR,8275.00 EUR,2.07000 EUR,Buy
Market,"Feb. 05, 2020, 06:02 PM",Main Account,0.05000000 BTC,435.50 EUR,8710.00 EUR,2.18000 EUR,Sell
Market,"Feb. 06, 2020, 12:52 PM",Main Account,0.05000000 BTC,446.95 EUR,8939.00 EUR,2.24000 EUR,Sell
Market,"Feb. 13, 2020, 03:12 AM",Main Account,0.01540238 BTC,148.63 EUR,9650.00 EUR,0.75000 EUR,Sell
Market,"Feb. 13, 2020, 03:12 AM",Main Account,0.00977135 BTC,94.29 EUR,9650.00 EUR,0.48000 EUR,Sell
Market,"Feb. 13, 2020, 03:12 AM",Main Account,0.00059134 BTC,5.71 EUR,9650.00 EUR,0.03000 EUR,Sell
Market,"Feb. 13, 2020, 03:12 AM",Main Account,0.02423493 BTC,233.87 EUR,9650.00 EUR,1.17000 EUR,Sell
Market,"Feb. 15, 2020, 03:53 PM",Main Account,0.00418305 BTC,38.35 EUR,9168.00 EUR,0.20000 EUR,Buy
Market,"Feb. 15, 2020, 03:53 PM",Main Account,0.00449697 BTC,41.23 EUR,9168.00 EUR,0.21000 EUR,Buy
Market,"Feb. 15, 2020, 03:53 PM",Main Account,0.04131998 BTC,378.82 EUR,9168.00 EUR,1.90000 EUR,Buy
Market,"Feb. 16, 2020, 04:52 PM",Main Account,0.05000000 BTC,446.95 EUR,8939.00 EUR,2.24000 EUR,Buy
Market,"Feb. 18, 2020, 08:35 PM",Main Account,0.05000000 BTC,470.45 EUR,9409.00 EUR,2.36000 EUR,Sell
Market,"Feb. 19, 2020, 09:48 PM",Main Account,0.05000000 BTC,435.50 EUR,8710.00 EUR,2.18000 EUR,Buy
Market,"Feb. 20, 2020, 02:39 AM",Main Account,0.05500000 BTC,484.00 EUR,8800.00 EUR,2.42000 EUR,Buy
Market,"Feb. 23, 2020, 06:28 AM",Main Account,0.05000000 BTC,458.40 EUR,9168.00 EUR,2.30000 EUR,Sell
Market,"Feb. 25, 2020, 09:22 PM",Main Account,0.05000000 BTC,424.60 EUR,8492.00 EUR,2.13000 EUR,Buy
Market,"Feb. 26, 2020, 02:21 PM",Main Account,0.05000000 BTC,413.75 EUR,8275.00 EUR,2.07000 EUR,Buy
Market,"Feb. 26, 2020, 04:41 PM",Main Account,0.05000000 BTC,403.40 EUR,8068.00 EUR,2.02000 EUR,Buy
Market,"Feb. 27, 2020, 01:05 AM",Main Account,0.05000000 BTC,393.05 EUR,7861.00 EUR,1.97000 EUR,Buy
Market,"Mar. 01, 2020, 04:47 PM",Main Account,0.05000000 BTC,383.20 EUR,7664.00 EUR,1.92000 EUR,Buy
Market,"Mar. 02, 2020, 10:31 PM",Main Account,0.05000000 BTC,403.40 EUR,8068.00 EUR,2.02000 EUR,Sell
Market,"Mar. 08, 2020, 01:34 PM",Main Account,0.00850000 BTC,65.14 EUR,7664.00 EUR,0.33000 EUR,Buy
Market,"Mar. 08, 2020, 01:34 PM",Main Account,0.04150000 BTC,318.06 EUR,7664.00 EUR,1.60000 EUR,Buy
Market,"Mar. 08, 2020, 03:34 PM",Main Account,0.05000000 BTC,373.40 EUR,7468.00 EUR,1.87000 EUR,Buy
Market,"Mar. 08, 2020, 04:23 PM",Main Account,0.05000000 BTC,364.05 EUR,7281.00 EUR,1.83000 EUR,Buy
Market,"Apr. 29, 2020, 01:00 PM",Main Account,0.05000000 BTC,383.20 EUR,7664.00 EUR,1.92000 EUR,Sell
Market,"Apr. 29, 2020, 04:45 PM",Main Account,0.00850000 BTC,68.58 EUR,8068.00 EUR,0.35000 EUR,Sell
Market,"Apr. 29, 2020, 04:45 PM",Main Account,0.04150000 BTC,334.82 EUR,8068.00 EUR,1.68000 EUR,Sell
Market,"Apr. 30, 2020, 03:03 AM",Main Account,0.05000000 BTC,413.75 EUR,8275.00 EUR,2.07000 EUR,Sell
Market,"Apr. 30, 2020, 03:51 AM",Main Account,0.05000000 BTC,424.60 EUR,8492.00 EUR,2.13000 EUR,Sell
Market,"Apr. 30, 2020, 06:05 AM",Main Account,0.05000000 BTC,435.50 EUR,8710.00 EUR,2.18000 EUR,Sell
Market,"Apr. 30, 2020, 07:20 AM",Main Account,0.05000000 BTC,413.75 EUR,8275.00 EUR,2.07000 EUR,Buy
Market,"Apr. 30, 2020, 09:50 AM",Main Account,0.05000000 BTC,403.40 EUR,8068.00 EUR,2.02000 EUR,Buy
Market,"Apr. 30, 2020, 10:00 AM",Main Account,0.05000000 BTC,393.05 EUR,7861.00 EUR,1.97000 EUR,Buy
Market,"May. 01, 2020, 11:42 AM",Main Account,0.05000000 BTC,413.75 EUR,8275.00 EUR,2.07000 EUR,Sell
Market,"May. 04, 2020, 05:14 AM",Main Account,0.05000000 BTC,393.05 EUR,7861.00 EUR,1.97000 EUR,Buy
Market,"May. 05, 2020, 04:48 AM",Main Account,0.05000000 BTC,413.75 EUR,8275.00 EUR,2.07000 EUR,Sell
Market,"May. 06, 2020, 10:20 AM",Main Account,0.05000000 BTC,424.60 EUR,8492.00 EUR,2.13000 EUR,Sell
Market,"May. 06, 2020, 10:42 AM",Main Account,0.05000000 BTC,435.50 EUR,8710.00 EUR,2.18000 EUR,Sell
Market,"May. 07, 2020, 05:00 PM",Main Account,0.05000000 BTC,446.95 EUR,8939.00 EUR,2.24000 EUR,Sell
Market,"May. 10, 2020, 12:13 AM",Main Account,0.03323564 BTC,289.48 EUR,8710.00 EUR,1.45000 EUR,Buy
Market,"May. 10, 2020, 12:13 AM",Main Account,0.01676436 BTC,146.02 EUR,8710.00 EUR,0.74000 EUR,Buy
Market,"May. 10, 2020, 12:15 AM",Main Account,0.05000000 BTC,424.60 EUR,8492.00 EUR,2.13000 EUR,Buy
Market,"May. 10, 2020, 12:17 AM",Main Account,0.05000000 BTC,413.75 EUR,8275.00 EUR,2.07000 EUR,Buy
Market,"May. 10, 2020, 12:19 AM",Main Account,0.05000000 BTC,403.40 EUR,8068.00 EUR,2.02000 EUR,Buy
Market,"May. 10, 2020, 12:20 AM",Main Account,0.05000000 BTC,393.05 EUR,7861.00 EUR,1.97000 EUR,Buy
Market,"May. 10, 2020, 12:21 AM",Main Account,0.05000000 BTC,383.20 EUR,7664.00 EUR,1.92000 EUR,Buy
Market,"May. 10, 2020, 12:27 AM",Main Account,0.02502690 BTC,201.92 EUR,8068.00 EUR,1.01000 EUR,Sell
Market,"May. 10, 2020, 12:27 AM",Main Account,0.02497310 BTC,201.48 EUR,8068.00 EUR,1.01000 EUR,Sell
Market,"May. 10, 2020, 12:50 AM",Main Account,0.01118018 BTC,92.52 EUR,8275.00 EUR,0.47000 EUR,Sell
Market,"May. 10, 2020, 08:06 AM",Main Account,0.03880659 BTC,321.12 EUR,8275.00 EUR,1.61000 EUR,Sell
Market,"May. 10, 2020, 08:06 AM",Main Account,0.00001323 BTC,0.11 EUR,8275.00 EUR,0.01000 EUR,Sell
Market,"May. 10, 2020, 04:35 PM",Main Account,0.05000000 BTC,393.05 EUR,7861.00 EUR,1.97000 EUR,Buy
Market,"May. 10, 2020, 04:56 PM",Main Account,0.05000000 BTC,383.20 EUR,7664.00 EUR,0.96000 EUR,Buy
Market,"May. 10, 2020, 08:02 PM",Main Account,0.05000000 BTC,403.40 EUR,8068.00 EUR,1.01000 EUR,Sell
Market,"May. 11, 2020, 11:50 AM",Main Account,0.05000000 BTC,413.75 EUR,8275.00 EUR,1.04000 EUR,Sell
Market,"May. 11, 2020, 12:28 PM",Main Account,0.00959138 BTC,81.45 EUR,8492.00 EUR,0.21000 EUR,Sell
Market,"May. 11, 2020, 12:28 PM",Main Account,0.04040862 BTC,343.15 EUR,8492.00 EUR,0.86000 EUR,Sell
Market,"May. 11, 2020, 05:57 PM",Main Account,0.05000000 BTC,393.05 EUR,7861.00 EUR,0.99000 EUR,Buy
Market,"May. 11, 2020, 06:17 PM",Main Account,0.05000000 BTC,383.20 EUR,7664.00 EUR,0.96000 EUR,Buy
Market,"May. 11, 2020, 07:52 PM",Main Account,0.05000000 BTC,403.40 EUR,8068.00 EUR,1.01000 EUR,Sell
Market,"May. 12, 2020, 05:10 PM",Main Account,0.02922036 BTC,241.80 EUR,8275.00 EUR,0.61000 EUR,Sell
Market,"May. 12, 2020, 05:10 PM",Main Account,0.02077964 BTC,171.95 EUR,8275.00 EUR,0.43000 EUR,Sell
Market,"May. 13, 2020, 09:22 PM",Main Account,0.05000000 BTC,435.50 EUR,8710.00 EUR,1.09000 EUR,Sell
Market,"May. 14, 2020, 09:00 AM",Main Account,0.05000000 BTC,446.95 EUR,8939.00 EUR,1.12000 EUR,Sell
Market,"May. 14, 2020, 10:04 AM",Main Account,0.03323564 BTC,304.70 EUR,9168.00 EUR,0.77000 EUR,Sell
Market,"May. 14, 2020, 10:04 AM",Main Account,0.00124407 BTC,11.41 EUR,9168.00 EUR,0.03000 EUR,Sell
Market,"May. 14, 2020, 10:04 AM",Main Account,0.01552029 BTC,142.29 EUR,9168.00 EUR,0.36000 EUR,Sell
Market,"May. 14, 2020, 12:26 PM",Main Account,0.05000000 BTC,446.95 EUR,8939.00 EUR,1.12000 EUR,Buy
Market,"May. 15, 2020, 02:32 AM",Main Account,0.05000000 BTC,435.50 EUR,8710.00 EUR,1.09000 EUR,Buy
Market,"May. 15, 2020, 08:38 PM",Main Account,0.05000000 BTC,424.60 EUR,8492.00 EUR,1.07000 EUR,Buy
Market,"May. 17, 2020, 12:10 PM",Main Account,0.00443002 BTC,39.60 EUR,8939.00 EUR,0.10000 EUR,Sell
Market,"May. 17, 2020, 12:10 PM",Main Account,0.01000000 BTC,89.39 EUR,8939.00 EUR,0.23000 EUR,Sell
Market,"May. 17, 2020, 12:10 PM",Main Account,0.00763272 BTC,68.23 EUR,8939.00 EUR,0.18000 EUR,Sell
Market,"May. 17, 2020, 12:10 PM",Main Account,0.02793726 BTC,249.73 EUR,8939.00 EUR,0.63000 EUR,Sell
Market,"May. 18, 2020, 01:20 AM",Main Account,0.04990262 BTC,457.51 EUR,9168.00 EUR,1.15000 EUR,Sell
Market,"May. 18, 2020, 01:20 AM",Main Account,0.00009738 BTC,0.89 EUR,9168.00 EUR,0.01000 EUR,Sell
Market,"May. 20, 2020, 03:20 PM",Main Account,0.05000000 BTC,435.50 EUR,8710.00 EUR,1.09000 EUR,Buy
Market,"May. 21, 2020, 08:42 AM",Main Account,0.05000000 BTC,424.60 EUR,8492.00 EUR,1.07000 EUR,Buy
Market,"May. 21, 2020, 02:38 PM",Main Account,0.05000000 BTC,413.75 EUR,8275.00 EUR,1.04000 EUR,Buy
Market,"May. 21, 2020, 06:48 PM",Main Account,0.05000000 BTC,403.40 EUR,8068.00 EUR,1.01000 EUR,Buy
Market,"May. 22, 2020, 04:00 PM",Main Account,0.05000000 BTC,424.60 EUR,8492.00 EUR,1.07000 EUR,Sell
Market,"May. 24, 2020, 11:34 PM",Main Account,0.05000000 BTC,403.40 EUR,8068.00 EUR,1.01000 EUR,Buy
Market,"May. 28, 2020, 12:11 PM",Main Account,0.05000000 BTC,424.60 EUR,8492.00 EUR,1.02000 EUR,Sell
Market,"May. 30, 2020, 10:44 PM",Main Account,0.05000000 BTC,435.50 EUR,8710.00 EUR,1.09000 EUR,Sell
Market,"Jun. 01, 2020, 11:05 PM",Main Account,0.05000000 BTC,446.95 EUR,8939.00 EUR,1.12000 EUR,Sell
Market,"Jun. 01, 2020, 11:33 PM",Main Account,0.05000000 BTC,458.40 EUR,9168.00 EUR,1.15000 EUR,Sell
Market,"Jun. 02, 2020, 02:47 PM",Main Account,0.05000000 BTC,435.50 EUR,8710.00 EUR,1.09000 EUR,Buy
Market,"Jun. 02, 2020, 02:49 PM",Main Account,0.05000000 BTC,424.60 EUR,8492.00 EUR,1.07000 EUR,Buy
Market,"Jun. 11, 2020, 04:45 PM",Main Account,0.03351559 BTC,277.34 EUR,8275.00 EUR,1.39000 EUR,Buy
Market,"Jun. 11, 2020, 04:45 PM",Main Account,0.01648441 BTC,136.41 EUR,8275.00 EUR,0.35000 EUR,Buy
Market,"Jun. 11, 2020, 04:59 PM",Main Account,0.05000000 BTC,403.40 EUR,8068.00 EUR,1.01000 EUR,Buy
Market,"Jun. 16, 2020, 01:11 PM",Main Account,0.02889510 BTC,245.38 EUR,8492.00 EUR,1.23000 EUR,Sell
Market,"Jun. 16, 2020, 01:11 PM",Main Account,0.02110490 BTC,179.22 EUR,8492.00 EUR,0.90000 EUR,Sell
Market,"Jun. 25, 2020, 03:30 AM",Main Account,0.06000000 BTC,484.08 EUR,8068.00 EUR,2.43000 EUR,Buy
Market,"Jul. 26, 2020, 10:03 AM",Main Account,0.06000000 BTC,509.52 EUR,8492.00 EUR,2.55000 EUR,Sell
Market,"Jul. 27, 2020, 03:49 AM",Main Account,0.03351559 BTC,291.92 EUR,8710.00 EUR,1.46000 EUR,Sell
Market,"Jul. 27, 2020, 03:49 AM",Main Account,0.01648441 BTC,143.58 EUR,8710.00 EUR,0.72000 EUR,Sell
Market,"Jul. 27, 2020, 04:35 PM",Main Account,0.05000000 BTC,446.95 EUR,8939.00 EUR,2.24000 EUR,Sell
Market,"Jul. 27, 2020, 04:57 PM",Main Account,0.05000000 BTC,458.40 EUR,9168.00 EUR,2.30000 EUR,Sell
Market,"Jul. 27, 2020, 09:55 PM",Main Account,0.05500000 BTC,517.50 EUR,9409.00 EUR,2.59000 EUR,Sell
Market,"Jul. 27, 2020, 09:55 PM",Main Account,0.05000000 BTC,470.45 EUR,9409.00 EUR,2.36000 EUR,Sell
Market,"Jul. 27, 2020, 10:17 PM",Main Account,0.00418305 BTC,40.37 EUR,9650.00 EUR,0.21000 EUR,Sell
Market,"Jul. 27, 2020, 10:17 PM",Main Account,0.00449697 BTC,43.40 EUR,9650.00 EUR,0.22000 EUR,Sell
Market,"Jul. 27, 2020, 10:17 PM",Main Account,0.04131998 BTC,398.74 EUR,9650.00 EUR,2.00000 EUR,Sell
Market,"Jul. 28, 2020, 08:52 AM",Main Account,0.06000000 BTC,550.08 EUR,9168.00 EUR,2.76000 EUR,Buy
Market,"Jul. 31, 2020, 04:03 PM",Main Account,0.06000000 BTC,579.00 EUR,9650.00 EUR,2.90000 EUR,Sell
Market,"Aug. 01, 2020, 05:55 AM",Main Account,0.05000000 BTC,495.20 EUR,9904.00 EUR,2.48000 EUR,Sell
Market,"Aug. 02, 2020, 02:17 AM",Main Account,0.05000000 BTC,507.90 EUR,10158.00 EUR,2.54000 EUR,Sell
Market,"Aug. 02, 2020, 04:40 AM",Main Account,0.06000000 BTC,564.54 EUR,9409.00 EUR,2.83000 EUR,Buy
Market,"Aug. 02, 2020, 04:42 AM",Main Account,0.06000000 BTC,550.08 EUR,9168.00 EUR,2.76000 EUR,Buy
Market,"Aug. 02, 2020, 05:06 AM",Main Account,0.06000000 BTC,579.00 EUR,9650.00 EUR,2.90000 EUR,Sell
Market,"Aug. 02, 2020, 05:54 AM",Main Account,0.06000000 BTC,577.10 EUR,9618.37 EUR,2.89000 EUR,Buy
Market,"Aug. 05, 2020, 09:12 PM",Main Account,0.01000000 BTC,99.04 EUR,9904.00 EUR,0.50000 EUR,Sell
Market,"Aug. 05, 2020, 09:12 PM",Main Account,0.05000000 BTC,495.20 EUR,9904.00 EUR,2.48000 EUR,Sell
Market,"Aug. 10, 2020, 02:05 AM",Main Account,0.06000000 BTC,609.48 EUR,10158.00 EUR,3.05000 EUR,Sell
Market,"Aug. 11, 2020, 04:14 PM",Main Account,0.06000000 BTC,579.00 EUR,9650.00 EUR,1.45000 EUR,Buy
Market,"Aug. 17, 2020, 01:22 PM",Main Account,0.06000000 BTC,609.48 EUR,10158.00 EUR,1.53000 EUR,Sell
Market,"Aug. 17, 2020, 03:45 PM",Main Account,0.05000000 BTC,521.20 EUR,10424.00 EUR,1.31000 EUR,Sell
Market,"Aug. 19, 2020, 04:17 AM",Main Account,0.06000000 BTC,594.24 EUR,9904.00 EUR,1.49000 EUR,Buy
Market,"Aug. 21, 2020, 11:51 AM",Main Account,0.06000000 BTC,579.00 EUR,9650.00 EUR,1.45000 EUR,Buy
Market,"Sep. 03, 2020, 12:11 PM",Main Account,0.06000000 BTC,564.54 EUR,9409.00 EUR,2.82270 EUR,Buy
Market,"Sep. 03, 2020, 12:26 PM",Main Account,0.05800000 BTC,531.74 EUR,9168.00 EUR,2.65872 EUR,Buy
Market,"Sep. 03, 2020, 03:37 PM",Main Account,0.06000000 BTC,536.34 EUR,8939.00 EUR,2.68170 EUR,Buy
Market,"Sep. 03, 2020, 11:29 PM",Main Account,0.04155431 BTC,361.94 EUR,8710.00 EUR,1.80969 EUR,Buy
Market,"Sep. 03, 2020, 11:29 PM",Main Account,0.01844569 BTC,160.66 EUR,8710.00 EUR,0.80331 EUR,Buy
Market,"Sep. 03, 2020, 11:33 PM",Main Account,0.06000000 BTC,509.52 EUR,8492.00 EUR,2.54760 EUR,Buy
Market,"Sep. 04, 2020, 07:53 PM",Main Account,0.06000000 BTC,536.34 EUR,8939.00 EUR,2.68170 EUR,Sell
Market,"Sep. 07, 2020, 11:31 AM",Main Account,0.06000000 BTC,509.52 EUR,8492.00 EUR,2.54760 EUR,Buy
Market,"Sep. 13, 2020, 04:00 AM",Main Account,0.06000000 BTC,536.34 EUR,8939.00 EUR,2.68170 EUR,Sell
Market,"Sep. 15, 2020, 12:20 PM",Main Account,0.04155431 BTC,380.97 EUR,9168.00 EUR,1.90485 EUR,Sell
Market,"Sep. 15, 2020, 12:20 PM",Main Account,0.01844569 BTC,169.11 EUR,9168.00 EUR,0.84555 EUR,Sell
Market,"Sep. 19, 2020, 11:57 AM",Main Account,0.05014124 BTC,471.78 EUR,9409.00 EUR,2.35889 EUR,Sell
Market,"Sep. 19, 2020, 11:57 AM",Main Account,0.00980000 BTC,92.21 EUR,9409.00 EUR,0.46104 EUR,Sell
Market,"Sep. 19, 2020, 11:57 AM",Main Account,0.00005876 BTC,0.55 EUR,9409.00 EUR,0.00276 EUR,Sell
Market,"Sep. 21, 2020, 12:31 PM",Main Account,0.06000000 BTC,536.34 EUR,8939.00 EUR,2.68170 EUR,Buy
Market,"Sep. 23, 2020, 08:51 PM",Main Account,0.06000000 BTC,522.60 EUR,8710.00 EUR,2.61300 EUR,Buy
Market,"Sep. 24, 2020, 04:01 PM",Main Account,0.06000000 BTC,550.08 EUR,9168.00 EUR,2.75040 EUR,Sell
Market,"Sep. 28, 2020, 12:45 AM",Main Account,0.06000000 BTC,564.54 EUR,9409.00 EUR,2.82270 EUR,Sell
Market,"Oct. 01, 2020, 04:43 PM",Main Account,0.06000000 BTC,536.34 EUR,8939.00 EUR,2.68170 EUR,Buy
Market,"Oct. 09, 2020, 11:25 AM",Main Account,0.05615172 BTC,528.33 EUR,9409.00 EUR,2.64166 EUR,Sell
Market,"Oct. 10, 2020, 02:05 AM",Main Account,0.00384828 BTC,36.21 EUR,9409.00 EUR,0.18104 EUR,Sell
Market,"Oct. 10, 2020, 02:21 AM",Main Account,0.05800000 BTC,559.70 EUR,9650.00 EUR,2.79850 EUR,Sell
Market,"Oct. 12, 2020, 09:41 PM",Main Account,0.06000000 BTC,594.24 EUR,9904.00 EUR,2.97120 EUR,Sell
Market,"Oct. 20, 2020, 04:19 PM",Main Account,0.06000000 BTC,609.48 EUR,10158.00 EUR,3.04740 EUR,Sell
Market,"Oct. 21, 2020, 11:51 AM",Main Account,0.06000000 BTC,625.44 EUR,10424.00 EUR,3.12720 EUR,Sell
Market,"Oct. 21, 2020, 02:22 PM",Main Account,0.05000000 BTC,534.60 EUR,10692.00 EUR,2.67300 EUR,Sell
Market,"Oct. 21, 2020, 10:28 PM",Main Account,0.05000000 BTC,548.60 EUR,10972.00 EUR,2.74300 EUR,Sell
Market,"Oct. 27, 2020, 10:40 AM",Main Account,0.06000000 BTC,675.24 EUR,11254.00 EUR,3.37620 EUR,Sell
Market,"Oct. 27, 2020, 05:00 PM",Main Account,0.04182013 BTC,482.98 EUR,11549.00 EUR,2.41490 EUR,Sell
Market,"Oct. 27, 2020, 05:00 PM",Main Account,0.02817987 BTC,325.45 EUR,11549.00 EUR,1.62725 EUR,Sell
Market,"Oct. 31, 2020, 08:28 AM",Main Account,0.03048818 BTC,361.16 EUR,11846.00 EUR,1.80581 EUR,Sell
Market,"Oct. 31, 2020, 08:28 AM",Main Account,0.02951182 BTC,349.60 EUR,11846.00 EUR,1.74799 EUR,Sell
Market,"Nov. 04, 2020, 05:27 PM",Main Account,0.06000000 BTC,729.36 EUR,12156.00 EUR,3.64680 EUR,Sell
Market,"Nov. 05, 2020, 11:52 AM",Main Account,0.06000000 BTC,748.14 EUR,12469.00 EUR,3.74070 EUR,Sell
Market,"Nov. 05, 2020, 01:29 PM",Main Account,0.06000000 BTC,758.93 EUR,12648.77 EUR,3.79463 EUR,Buy
Market,"Nov. 06, 2020, 12:44 AM",Main Account,0.00713000 BTC,96.03 EUR,13468.00 EUR,0.48013 EUR,Sell
Market,"Nov. 06, 2020, 12:44 AM",Main Account,0.05287000 BTC,712.05 EUR,13468.00 EUR,1.78013 EUR,Sell
Market,"Nov. 06, 2020, 01:51 PM",Main Account,0.06000000 BTC,792.90 EUR,13215.00 EUR,1.98225 EUR,Buy
Market,"Nov. 06, 2020, 02:20 PM",Main Account,0.06000000 BTC,787.50 EUR,13125.00 EUR,1.96875 EUR,Buy
Market,"Nov. 07, 2020, 03:21 PM",Main Account,0.01232307 BTC,157.67 EUR,12795.00 EUR,0.39418 EUR,Buy
Market,"Nov. 07, 2020, 03:21 PM",Main Account,0.02500000 BTC,319.88 EUR,12795.00 EUR,0.79969 EUR,Buy
Market,"Nov. 07, 2020, 03:21 PM",Main Account,0.02267693 BTC,290.15 EUR,12795.00 EUR,0.72538 EUR,Buy
Market,"Nov. 07, 2020, 06:53 PM",Main Account,0.06000000 BTC,748.14 EUR,12469.00 EUR,1.87035 EUR,Buy
Market,"Nov. 07, 2020, 08:02 PM",Main Account,0.06000000 BTC,729.36 EUR,12156.00 EUR,1.82340 EUR,Buy
Market,"Nov. 08, 2020, 12:01 PM",Main Account,0.06000000 BTC,767.70 EUR,12795.00 EUR,1.91925 EUR,Sell
Market,"Nov. 08, 2020, 05:43 PM",Main Account,0.00999908 BTC,131.24 EUR,13125.00 EUR,0.32809 EUR,Sell
Market,"Nov. 08, 2020, 05:43 PM",Main Account,0.05000092 BTC,656.26 EUR,13125.00 EUR,1.64066 EUR,Sell
Market,"Nov. 11, 2020, 04:30 PM",Main Account,0.01232307 BTC,165.97 EUR,13468.00 EUR,0.41492 EUR,Sell
Market,"Nov. 11, 2020, 04:30 PM",Main Account,0.02500000 BTC,336.70 EUR,13468.00 EUR,0.84175 EUR,Sell
Market,"Nov. 11, 2020, 04:30 PM",Main Account,0.02267693 BTC,305.41 EUR,13468.00 EUR,0.76353 EUR,Sell
Market,"Nov. 12, 2020, 10:11 PM",Main Account,0.06000000 BTC,828.90 EUR,13815.00 EUR,2.07225 EUR,Sell
Market,"Nov. 13, 2020, 07:54 PM",Main Account,0.01780683 BTC,245.47 EUR,13785.00 EUR,0.61367 EUR,Buy
Market,"Nov. 13, 2020, 07:54 PM",Main Account,0.04219000 BTC,581.59 EUR,13785.00 EUR,1.45397 EUR,Buy
Market,"Nov. 13, 2020, 07:54 PM",Main Account,0.00000317 BTC,0.04 EUR,13785.00 EUR,0.00011 EUR,Buy
Market,"Nov. 16, 2020, 07:15 PM",Main Account,0.06000000 BTC,850.56 EUR,14176.00 EUR,2.12640 EUR,Sell
Market,"Nov. 17, 2020, 03:30 PM",Main Account,0.01780683 BTC,258.95 EUR,14542.00 EUR,0.64737 EUR,Sell
Market,"Nov. 17, 2020, 03:30 PM",Main Account,0.04219000 BTC,613.53 EUR,14542.00 EUR,1.53382 EUR,Sell
Market,"Nov. 17, 2020, 03:30 PM",Main Account,0.00000317 BTC,0.05 EUR,14542.00 EUR,0.00011 EUR,Sell
Market,"Nov. 17, 2020, 08:48 PM",Main Account,0.06000000 BTC,893.40 EUR,14890.00 EUR,2.14416 EUR,Buy
Market,"Nov. 18, 2020, 05:46 AM",Main Account,0.06000000 BTC,872.52 EUR,14542.00 EUR,2.09405 EUR,Buy
Market,"Nov. 18, 2020, 08:07 AM",Main Account,0.03300000 BTC,505.13 EUR,15307.00 EUR,1.21231 EUR,Sell
Market,"Nov. 18, 2020, 08:07 AM",Main Account,0.02700000 BTC,413.29 EUR,15307.00 EUR,0.99189 EUR,Sell
Market,"Nov. 20, 2020, 02:59 PM",Main Account,0.06000000 BTC,942.42 EUR,15707.00 EUR,2.26181 EUR,Sell
Market,"Nov. 20, 2020, 08:26 PM",Main Account,0.06000000 BTC,944.40 EUR,15740.00 EUR,2.26656 EUR,Buy
Market,"Nov. 20, 2020, 08:29 PM",Main Account,0.06000000 BTC,942.42 EUR,15707.00 EUR,2.26181 EUR,Buy
Market,"Nov. 22, 2020, 09:00 AM",Main Account,0.06000000 BTC,918.42 EUR,15307.00 EUR,2.20421 EUR,Buy
Market,"Nov. 22, 2020, 10:44 AM",Main Account,0.06000000 BTC,895.32 EUR,14922.00 EUR,2.14877 EUR,Buy
Market,"Nov. 22, 2020, 10:44 AM",Main Account,0.06000000 BTC,872.52 EUR,14542.00 EUR,2.09405 EUR,Buy
Market,"Nov. 22, 2020, 10:44 AM",Main Account,0.06000000 BTC,850.56 EUR,14176.00 EUR,2.04134 EUR,Buy
Market,"Nov. 22, 2020, 10:44 AM",Main Account,0.06000000 BTC,913.25 EUR,15220.84 EUR,2.19180 EUR,Sell
Market,"Nov. 22, 2020, 10:44 AM",Main Account,0.06000000 BTC,828.90 EUR,13815.00 EUR,1.98936 EUR,Buy
Market,"Nov. 22, 2020, 10:44 AM",Main Account,0.06000000 BTC,902.00 EUR,15033.32 EUR,2.16480 EUR,Sell
Market,"Nov. 22, 2020, 10:44 AM",Main Account,0.06000000 BTC,808.08 EUR,13468.00 EUR,1.93939 EUR,Buy
Market,"Nov. 22, 2020, 10:44 AM",Main Account,0.06000000 BTC,859.40 EUR,14323.25 EUR,2.06255 EUR,Sell
Market,"Nov. 22, 2020, 10:44 AM",Main Account,0.06000000 BTC,787.50 EUR,13125.00 EUR,1.89000 EUR,Buy
Market,"Nov. 22, 2020, 10:44 AM",Main Account,0.06000000 BTC,828.90 EUR,13815.00 EUR,1.98936 EUR,Sell
Market,"Nov. 22, 2020, 11:05 AM",Main Account,0.06000000 BTC,918.42 EUR,15307.00 EUR,2.20421 EUR,Sell
Market,"Nov. 22, 2020, 12:48 PM",Main Account,0.06000000 BTC,942.42 EUR,15707.00 EUR,2.26181 EUR,Sell
Market,"Nov. 24, 2020, 12:23 PM",Main Account,0.06000000 BTC,966.72 EUR,16112.00 EUR,2.32013 EUR,Sell
Market,"Nov. 26, 2020, 03:06 AM",Main Account,0.06000000 BTC,918.42 EUR,15307.00 EUR,2.20421 EUR,Buy
Market,"Nov. 26, 2020, 03:31 AM",Main Account,0.06000000 BTC,895.32 EUR,14922.00 EUR,2.14877 EUR,Buy
Market,"Nov. 26, 2020, 03:32 AM",Main Account,0.06000000 BTC,872.52 EUR,14542.00 EUR,2.09405 EUR,Buy
Market,"Nov. 26, 2020, 08:28 AM",Main Account,0.06000000 BTC,850.56 EUR,14176.00 EUR,2.04134 EUR,Buy
Market,"Nov. 26, 2020, 08:32 AM",Main Account,0.06000000 BTC,828.90 EUR,13815.00 EUR,1.98936 EUR,Buy
Market,"Nov. 26, 2020, 10:17 AM",Main Account,0.06000000 BTC,872.52 EUR,14542.00 EUR,2.09405 EUR,Sell
Market,"Nov. 26, 2020, 05:03 PM",Main Account,0.06000000 BTC,828.90 EUR,13815.00 EUR,1.98936 EUR,Buy
Market,"Nov. 26, 2020, 09:17 PM",Main Account,0.06000000 BTC,872.52 EUR,14542.00 EUR,2.09405 EUR,Sell
Market,"Nov. 27, 2020, 03:45 PM",Main Account,0.06000000 BTC,828.90 EUR,13815.00 EUR,1.98936 EUR,Buy
Market,"Nov. 28, 2020, 01:57 PM",Main Account,0.02019844 BTC,293.73 EUR,14542.00 EUR,0.70494 EUR,Sell
Market,"Nov. 28, 2020, 01:58 PM",Main Account,0.00238800 BTC,34.73 EUR,14542.00 EUR,0.08334 EUR,Sell
Market,"Nov. 28, 2020, 01:58 PM",Main Account,0.03741356 BTC,544.07 EUR,14542.00 EUR,1.30576 EUR,Sell
Market,"Nov. 28, 2020, 07:42 PM",Main Account,0.05899150 BTC,880.27 EUR,14922.00 EUR,2.11265 EUR,Sell
Market,"Nov. 28, 2020, 07:42 PM",Main Account,0.00100850 BTC,15.05 EUR,14922.00 EUR,0.03612 EUR,Sell
Market,"Nov. 29, 2020, 09:05 PM",Main Account,0.06000000 BTC,918.42 EUR,15307.00 EUR,2.20421 EUR,Sell
Market,"Nov. 30, 2020, 12:45 PM",Main Account,0.06000000 BTC,942.42 EUR,15707.00 EUR,2.26181 EUR,Sell
Market,"Nov. 30, 2020, 02:05 PM",Main Account,0.06000000 BTC,966.72 EUR,16112.00 EUR,2.32013 EUR,Sell
Market,"Nov. 30, 2020, 03:13 PM",Main Account,0.06000000 BTC,991.98 EUR,16533.00 EUR,2.38075 EUR,Sell
Market,"Dec. 01, 2020, 12:26 PM",Main Account,0.00306803 BTC,48.19 EUR,15707.00 EUR,0.11565 EUR,Buy
Market,"Dec. 01, 2020, 12:26 PM",Main Account,0.05693197 BTC,894.23 EUR,15707.00 EUR,2.14615 EUR,Buy
Market,"Dec. 01, 2020, 01:01 PM",Main Account,0.06000000 BTC,918.42 EUR,15307.00 EUR,2.20421 EUR,Buy
Market,"Dec. 01, 2020, 02:43 PM",Main Account,0.06000000 BTC,966.72 EUR,16112.00 EUR,2.32013 EUR,Sell
Market,"Dec. 02, 2020, 04:19 AM",Main Account,0.06000000 BTC,918.42 EUR,15307.00 EUR,2.20421 EUR,Buy
Market,"Dec. 03, 2020, 04:00 PM",Main Account,0.06000000 BTC,966.72 EUR,16112.00 EUR,2.32013 EUR,Sell
Market,"Dec. 05, 2020, 12:05 AM",Main Account,0.06000000 BTC,918.42 EUR,15307.00 EUR,2.20421 EUR,Buy
Market,"Dec. 09, 2020, 01:12 AM",Main Account,0.01355572 BTC,202.28 EUR,14922.00 EUR,0.48547 EUR,Buy
Market,"Dec. 09, 2020, 01:12 AM",Main Account,0.04644428 BTC,693.04 EUR,14922.00 EUR,1.66330 EUR,Buy
Market,"Dec. 09, 2020, 08:35 AM",Main Account,0.06000000 BTC,872.52 EUR,14542.00 EUR,2.09405 EUR,Buy
Market,"Dec. 09, 2020, 02:00 PM",Main Account,0.03185714 BTC,487.64 EUR,15307.00 EUR,1.17033 EUR,Sell
Market,"Dec. 09, 2020, 02:01 PM",Main Account,0.02032519 BTC,311.12 EUR,15307.00 EUR,0.74668 EUR,Sell
Market,"Dec. 09, 2020, 02:01 PM",Main Account,0.00781767 BTC,119.67 EUR,15307.00 EUR,0.28720 EUR,Sell
Market,"Dec. 13, 2020, 07:01 AM",Main Account,0.01355572 BTC,212.92 EUR,15707.00 EUR,0.51101 EUR,Sell
Market,"Dec. 13, 2020, 07:01 AM",Main Account,0.04644428 BTC,729.50 EUR,15707.00 EUR,1.75080 EUR,Sell
Market,"Dec. 16, 2020, 10:07 AM",Main Account,0.06000000 BTC,966.72 EUR,16112.00 EUR,2.32013 EUR,Sell
Market,"Dec. 16, 2020, 01:42 PM",Main Account,0.00306803 BTC,50.72 EUR,16533.00 EUR,0.12174 EUR,Sell
Market,"Dec. 16, 2020, 01:42 PM",Main Account,0.05693197 BTC,941.26 EUR,16533.00 EUR,2.25902 EUR,Sell
Market,"Dec. 16, 2020, 02:12 PM",Main Account,0.06000000 BTC,1017.54 EUR,16959.00 EUR,2.44210 EUR,Sell
Market,"Dec. 16, 2020, 09:16 PM",Main Account,0.06000000 BTC,1024.80 EUR,17080.00 EUR,2.45952 EUR,Buy
Market,"Dec. 17, 2020, 07:48 AM",Main Account,0.03000000 BTC,549.54 EUR,18318.00 EUR,1.31890 EUR,Sell
Market,"Dec. 17, 2020, 07:48 AM",Main Account,0.03000000 BTC,549.54 EUR,18318.00 EUR,1.31890 EUR,Sell
Market,"Dec. 17, 2020, 10:56 AM",Main Account,0.06000000 BTC,1105.80 EUR,18430.00 EUR,2.65392 EUR,Buy
Market,"Dec. 17, 2020, 06:16 PM",Main Account,0.05230621 BTC,958.15 EUR,18318.00 EUR,2.29955 EUR,Buy
Market,"Dec. 19, 2020, 03:18 PM",Main Account,0.03607644 BTC,695.59 EUR,19281.00 EUR,1.66942 EUR,Sell
Market,"Dec. 19, 2020, 03:18 PM",Main Account,0.01622977 BTC,312.93 EUR,19281.00 EUR,0.75102 EUR,Sell
Market,"Dec. 20, 2020, 08:38 PM",Main Account,0.00983708 BTC,194.56 EUR,19778.00 EUR,0.46694 EUR,Sell
Market,"Dec. 20, 2020, 08:38 PM",Main Account,0.05016292 BTC,992.12 EUR,19778.00 EUR,2.38109 EUR,Sell
Market,"Dec. 20, 2020, 09:26 PM",Main Account,0.06000000 BTC,1168.20 EUR,19470.00 EUR,2.80368 EUR,Buy
Market,"Dec. 21, 2020, 10:17 AM",Main Account,0.06000000 BTC,1127.40 EUR,18790.00 EUR,2.70576 EUR,Buy
Market,"Dec. 21, 2020, 12:11 PM",Main Account,0.06000000 BTC,1099.08 EUR,18318.00 EUR,2.63779 EUR,Buy
Market,"Dec. 22, 2020, 02:01 PM",Main Account,0.04776320 BTC,920.92 EUR,19281.00 EUR,2.21021 EUR,Sell
Market,"Dec. 22, 2020, 02:01 PM",Main Account,0.01220000 BTC,235.23 EUR,19281.00 EUR,0.56455 EUR,Sell
Market,"Dec. 22, 2020, 02:01 PM",Main Account,0.00003680 BTC,0.71 EUR,19281.00 EUR,0.00170 EUR,Sell
Market,"Dec. 23, 2020, 01:20 PM",Main Account,0.06000000 BTC,1186.68 EUR,19778.00 EUR,2.84803 EUR,Sell
Market,"Dec. 25, 2020, 11:07 PM",Main Account,0.06000000 BTC,1217.70 EUR,20295.00 EUR,2.92248 EUR,Sell
Market,"Dec. 26, 2020, 02:44 PM",Main Account,0.05000000 BTC,1036.00 EUR,20720.00 EUR,2.48640 EUR,Buy
Market,"Dec. 26, 2020, 09:36 PM",Main Account,0.05000000 BTC,1095.65 EUR,21913.00 EUR,2.62956 EUR,Sell
Market,"Dec. 27, 2020, 08:51 AM",Main Account,0.03999404 BTC,911.06 EUR,22780.00 EUR,2.18655 EUR,Buy
Market,"Dec. 27, 2020, 08:51 AM",Main Account,0.00000596 BTC,0.14 EUR,22780.00 EUR,0.00033 EUR,Buy
Market,"Dec. 27, 2020, 08:59 AM",Main Account,0.05000000 BTC,1124.25 EUR,22485.00 EUR,2.69820 EUR,Buy
Market,"Dec. 27, 2020, 11:42 AM",Main Account,0.05000000 BTC,1095.65 EUR,21913.00 EUR,2.62956 EUR,Buy
Market,"Dec. 27, 2020, 12:13 PM",Main Account,0.05000000 BTC,1068.10 EUR,21362.00 EUR,2.56344 EUR,Buy
Market,"Dec. 27, 2020, 12:53 PM",Main Account,0.05000000 BTC,1124.25 EUR,22485.00 EUR,2.69820 EUR,Sell
Market,"Dec. 27, 2020, 08:47 PM",Main Account,0.05000000 BTC,1068.10 EUR,21362.00 EUR,2.56344 EUR,Buy
Market,"Dec. 30, 2020, 12:15 AM",Main Account,0.04100000 BTC,921.88 EUR,22485.00 EUR,2.21252 EUR,Sell
Market,"Dec. 30, 2020, 12:15 AM",Main Account,0.00900000 BTC,202.36 EUR,22485.00 EUR,0.48568 EUR,Sell
Market,"Dec. 30, 2020, 06:30 AM",Main Account,0.00979011 BTC,225.81 EUR,23065.00 EUR,0.54194 EUR,Sell
Market,"Dec. 30, 2020, 06:30 AM",Main Account,0.04020989 BTC,927.44 EUR,23065.00 EUR,2.22586 EUR,Sell
Market,"Dec. 31, 2020, 12:05 AM",Main Account,0.00216241 BTC,51.18 EUR,23668.00 EUR,0.12283 EUR,Sell
Market,"Dec. 31, 2020, 12:05 AM",Main Account,0.01860941 BTC,440.45 EUR,23668.00 EUR,1.05707 EUR,Sell
Market,"Dec. 31, 2020, 12:05 AM",Main Account,0.00900000 BTC,213.01 EUR,23668.00 EUR,0.51123 EUR,Sell
Market,"Dec. 31, 2020, 12:05 AM",Main Account,0.00900000 BTC,213.01 EUR,23668.00 EUR,0.51123 EUR,Sell
Market,"Dec. 31, 2020, 12:05 AM",Main Account,0.00900000 BTC,213.01 EUR,23668.00 EUR,0.51123 EUR,Sell
Market,"Dec. 31, 2020, 12:05 AM",Main Account,0.00222818 BTC,52.74 EUR,23668.00 EUR,0.12657 EUR,Sell
Market,"Jan. 02, 2021, 06:14 AM",Main Account,0.03999404 BTC,970.98 EUR,24278.00 EUR,2.33034 EUR,Sell
Market,"Jan. 02, 2021, 06:14 AM",Main Account,0.00000596 BTC,0.14 EUR,24278.00 EUR,0.00035 EUR,Sell
Market,"Jan. 03, 2021, 06:23 PM",Main Account,0.04000000 BTC,1056.00 EUR,26400.00 EUR,2.53440 EUR,Buy
Market,"Jan. 03, 2021, 06:28 PM",Main Account,0.04000000 BTC,1048.92 EUR,26223.00 EUR,2.51741 EUR,Buy
Market,"Jan. 04, 2021, 07:23 AM",Main Account,0.04000000 BTC,1022.20 EUR,25555.00 EUR,2.45328 EUR,Buy
Market,"Jan. 04, 2021, 09:34 AM",Main Account,0.04000000 BTC,996.52 EUR,24913.00 EUR,2.39165 EUR,Buy
Market,"Jan. 04, 2021, 09:40 AM",Main Account,0.04000000 BTC,971.12 EUR,24278.00 EUR,2.33069 EUR,Buy
Market,"Jan. 04, 2021, 10:15 AM",Main Account,0.04000000 BTC,946.72 EUR,23668.00 EUR,2.27213 EUR,Buy
Market,"Jan. 04, 2021, 10:16 AM",Main Account,0.05000000 BTC,1153.25 EUR,23065.00 EUR,2.76780 EUR,Buy
Market,"Jan. 04, 2021, 10:18 AM",Main Account,0.05000000 BTC,1124.25 EUR,22485.00 EUR,2.69820 EUR,Buy
Market,"Jan. 04, 2021, 10:19 AM",Main Account,0.05000000 BTC,1183.40 EUR,23668.00 EUR,2.84016 EUR,Sell
Market,"Jan. 04, 2021, 10:45 AM",Main Account,0.05000000 BTC,1213.90 EUR,24278.00 EUR,2.91336 EUR,Sell
Market,"Jan. 04, 2021, 11:53 AM",Main Account,0.04000000 BTC,996.52 EUR,24913.00 EUR,2.39165 EUR,Sell
Market,"Jan. 04, 2021, 12:46 PM",Main Account,0.03093829 BTC,790.63 EUR,25555.00 EUR,1.89751 EUR,Sell
Market,"Jan. 04, 2021, 12:46 PM",Main Account,0.00906171 BTC,231.57 EUR,25555.00 EUR,0.55577 EUR,Sell
Market,"Jan. 05, 2021, 12:01 AM",Main Account,0.03374272 BTC,884.84 EUR,26223.00 EUR,2.12360 EUR,Sell
Market,"Jan. 05, 2021, 12:01 AM",Main Account,0.00600000 BTC,157.34 EUR,26223.00 EUR,0.37761 EUR,Sell
Market,"Jan. 05, 2021, 12:01 AM",Main Account,0.00025728 BTC,6.75 EUR,26223.00 EUR,0.01619 EUR,Sell
Market,"Jan. 05, 2021, 06:11 PM",Main Account,0.04000000 BTC,1075.96 EUR,26899.00 EUR,2.58230 EUR,Sell
Market,"Jan. 05, 2021, 07:28 PM",Main Account,0.02135804 BTC,589.52 EUR,27602.00 EUR,1.41486 EUR,Sell
Market,"Jan. 05, 2021, 07:28 PM",Main Account,0.01864196 BTC,514.56 EUR,27602.00 EUR,1.23493 EUR,Sell
Market,"Jan. 06, 2021, 04:23 AM",Main Account,0.04000000 BTC,1132.56 EUR,28314.00 EUR,2.71814 EUR,Sell
Market,"Jan. 06, 2021, 07:41 AM",Main Account,0.00569537 BTC,161.26 EUR,28314.00 EUR,0.38702 EUR,Buy
Market,"Jan. 06, 2021, 07:41 AM",Main Account,0.03000000 BTC,849.42 EUR,28314.00 EUR,2.03861 EUR,Buy
Market,"Jan. 06, 2021, 07:41 AM",Main Account,0.00430000 BTC,121.75 EUR,28314.00 EUR,0.29220 EUR,Buy
Market,"Jan. 06, 2021, 07:41 AM",Main Account,0.00000463 BTC,0.13 EUR,28314.00 EUR,0.00031 EUR,Buy
Market,"Jan. 06, 2021, 09:12 AM",Main Account,0.04000000 BTC,1104.08 EUR,27602.00 EUR,2.64979 EUR,Buy
Market,"Jan. 06, 2021, 07:15 PM",Main Account,0.04000000 BTC,1162.16 EUR,29054.00 EUR,2.78918 EUR,Sell
Market,"Jan. 06, 2021, 11:43 PM",Main Account,0.00394038 BTC,117.44 EUR,29803.00 EUR,0.28184 EUR,Sell
Market,"Jan. 06, 2021, 11:43 PM",Main Account,0.00175499 BTC,52.30 EUR,29803.00 EUR,0.12553 EUR,Sell
Market,"Jan. 06, 2021, 11:43 PM",Main Account,0.03000000 BTC,894.09 EUR,29803.00 EUR,2.14582 EUR,Sell
Market,"Jan. 06, 2021, 11:43 PM",Main Account,0.00430000 BTC,128.15 EUR,29803.00 EUR,0.30757 EUR,Sell
Market,"Jan. 06, 2021, 11:43 PM",Main Account,0.00000463 BTC,0.14 EUR,29803.00 EUR,0.00033 EUR,Sell
Market,"Jan. 07, 2021, 07:45 AM",Main Account,0.03998868 BTC,1202.46 EUR,30070.00 EUR,2.88590 EUR,Buy
Market,"Jan. 07, 2021, 07:45 AM",Main Account,0.00001132 BTC,0.34 EUR,30070.00 EUR,0.00082 EUR,Buy
Market,"Jan. 07, 2021, 08:16 AM",Main Account,0.04000000 BTC,1192.12 EUR,29803.00 EUR,2.86109 EUR,Buy
Market,"Jan. 07, 2021, 01:22 PM",Main Account,0.01849174 BTC,580.10 EUR,31371.00 EUR,1.39225 EUR,Sell
Market,"Jan. 07, 2021, 01:22 PM",Main Account,0.02150000 BTC,674.48 EUR,31371.00 EUR,1.61874 EUR,Sell
Market,"Jan. 07, 2021, 01:22 PM",Main Account,0.00000826 BTC,0.26 EUR,31371.00 EUR,0.00062 EUR,Sell
Market,"Jan. 07, 2021, 04:09 PM",Main Account,0.01690453 BTC,544.17 EUR,32191.00 EUR,1.30602 EUR,Sell
Market,"Jan. 07, 2021, 04:09 PM",Main Account,0.02308415 BTC,743.10 EUR,32191.00 EUR,1.78344 EUR,Sell
Market,"Jan. 07, 2021, 04:09 PM",Main Account,0.00000585 BTC,0.19 EUR,32191.00 EUR,0.00045 EUR,Sell
Market,"Jan. 07, 2021, 04:09 PM",Main Account,0.00000547 BTC,0.18 EUR,32191.00 EUR,0.00042 EUR,Sell
Market,"Jan. 07, 2021, 06:47 PM",Main Account,0.04000000 BTC,1192.12 EUR,29803.00 EUR,2.86109 EUR,Buy
Market,"Jan. 07, 2021, 06:55 PM",Main Account,0.00336791 BTC,105.65 EUR,31371.00 EUR,0.25357 EUR,Sell
Market,"Jan. 07, 2021, 06:55 PM",Main Account,0.03663000 BTC,1149.12 EUR,31371.00 EUR,2.75789 EUR,Sell
Market,"Jan. 07, 2021, 06:55 PM",Main Account,0.00000209 BTC,0.07 EUR,31371.00 EUR,0.00016 EUR,Sell
Market,"Jan. 07, 2021, 07:03 PM",Main Account,0.03999884 BTC,1253.96 EUR,31350.00 EUR,3.00951 EUR,Buy
Market,"Jan. 07, 2021, 07:03 PM",Main Account,0.00000116 BTC,0.04 EUR,31350.00 EUR,0.00009 EUR,Buy
Market,"Jan. 07, 2021, 07:10 PM",Main Account,0.04000000 BTC,1223.28 EUR,30582.00 EUR,2.93587 EUR,Buy
Market,"Jan. 07, 2021, 09:30 PM",Main Account,0.04000000 BTC,1287.64 EUR,32191.00 EUR,3.09034 EUR,Sell
Market,"Jan. 08, 2021, 02:20 AM",Main Account,0.03355122 BTC,1026.06 EUR,30582.00 EUR,2.46255 EUR,Buy
Market,"Jan. 08, 2021, 02:20 AM",Main Account,0.00644878 BTC,197.22 EUR,30582.00 EUR,0.47332 EUR,Buy
Market,"Jan. 08, 2021, 02:45 AM",Main Account,0.02021803 BTC,602.56 EUR,29803.00 EUR,1.44614 EUR,Buy
Market,"Jan. 08, 2021, 02:45 AM",Main Account,0.01978197 BTC,589.56 EUR,29803.00 EUR,1.41495 EUR,Buy
Market,"Jan. 08, 2021, 04:05 AM",Main Account,0.02021803 BTC,634.26 EUR,31371.00 EUR,1.52222 EUR,Sell
Market,"Jan. 08, 2021, 04:05 AM",Main Account,0.01978197 BTC,620.58 EUR,31371.00 EUR,1.48939 EUR,Sell
Market,"Jan. 08, 2021, 10:02 AM",Main Account,0.03355122 BTC,1080.05 EUR,32191.00 EUR,2.59211 EUR,Sell
Market,"Jan. 08, 2021, 10:02 AM",Main Account,0.00643878 BTC,207.27 EUR,32191.00 EUR,0.49745 EUR,Sell
Market,"Jan. 08, 2021, 10:02 AM",Main Account,0.00001000 BTC,0.32 EUR,32191.00 EUR,0.00077 EUR,Sell
Market,"Jan. 08, 2021, 10:39 AM",Main Account,0.03999884 BTC,1320.80 EUR,33021.00 EUR,3.16992 EUR,Sell
Market,"Jan. 08, 2021, 10:39 AM",Main Account,0.00000116 BTC,0.04 EUR,33021.00 EUR,0.00009 EUR,Sell
Market,"Jan. 08, 2021, 12:34 PM",Main Account,0.03500000 BTC,1185.94 EUR,33884.00 EUR,2.84626 EUR,Buy
Market,"Jan. 08, 2021, 03:16 PM",Main Account,0.03500000 BTC,1155.74 EUR,33021.00 EUR,2.77376 EUR,Buy
Market,"Jan. 08, 2021, 08:40 PM",Main Account,0.04000000 BTC,1287.64 EUR,32191.00 EUR,3.09034 EUR,Buy
Market,"Jan. 10, 2021, 05:19 PM",Main Account,0.04000000 BTC,1254.84 EUR,31371.00 EUR,3.01162 EUR,Buy
Market,"Jan. 10, 2021, 05:35 PM",Main Account,0.04000000 BTC,1223.28 EUR,30582.00 EUR,2.93587 EUR,Buy
Market,"Jan. 10, 2021, 08:13 PM",Main Account,0.04000000 BTC,1192.12 EUR,29803.00 EUR,2.86109 EUR,Buy
Market,"Jan. 10, 2021, 08:26 PM",Main Account,0.04000000 BTC,1162.16 EUR,29054.00 EUR,2.78918 EUR,Buy
Market,"Jan. 10, 2021, 08:26 PM",Main Account,0.04000000 BTC,1132.56 EUR,28314.00 EUR,2.71814 EUR,Buy
Market,"Jan. 10, 2021, 08:33 PM",Main Account,0.04000000 BTC,1192.12 EUR,29803.00 EUR,2.86109 EUR,Sell
Market,"Jan. 10, 2021, 08:46 PM",Main Account,0.04000000 BTC,1223.28 EUR,30582.00 EUR,2.93587 EUR,Sell
Market,"Jan. 10, 2021, 09:04 PM",Main Account,0.04000000 BTC,1254.84 EUR,31371.00 EUR,3.01162 EUR,Sell
Market,"Jan. 11, 2021, 03:17 AM",Main Account,0.04000000 BTC,1162.16 EUR,29054.00 EUR,2.55675 EUR,Buy
Market,"Jan. 11, 2021, 03:32 AM",Main Account,0.00760764 BTC,215.40 EUR,28314.00 EUR,0.47389 EUR,Buy
Market,"Jan. 11, 2021, 03:32 AM",Main Account,0.02500000 BTC,707.85 EUR,28314.00 EUR,1.55727 EUR,Buy
Market,"Jan. 11, 2021, 03:32 AM",Main Account,0.00739236 BTC,209.31 EUR,28314.00 EUR,0.46048 EUR,Buy
Market,"Jan. 11, 2021, 03:37 AM",Main Account,0.00544320 BTC,150.24 EUR,27602.00 EUR,0.33054 EUR,Buy
Market,"Jan. 11, 2021, 03:37 AM",Main Account,0.03455680 BTC,953.84 EUR,27602.00 EUR,2.09844 EUR,Buy
Market,"Jan. 11, 2021, 03:54 AM",Main Account,0.00544320 BTC,158.15 EUR,29054.00 EUR,0.34792 EUR,Sell
Market,"Jan. 11, 2021, 03:54 AM",Main Account,0.03455680 BTC,1004.01 EUR,29054.00 EUR,2.20883 EUR,Sell
Market,"Jan. 11, 2021, 06:48 AM",Main Account,0.04000000 BTC,1075.96 EUR,26899.00 EUR,2.36711 EUR,Buy
Market,"Jan. 11, 2021, 07:38 AM",Main Account,0.04000000 BTC,1132.56 EUR,28314.00 EUR,2.49163 EUR,Sell
Market,"Jan. 11, 2021, 10:06 AM",Main Account,0.00760764 BTC,226.73 EUR,29803.00 EUR,0.49881 EUR,Sell
Market,"Jan. 11, 2021, 10:06 AM",Main Account,0.02500000 BTC,745.08 EUR,29803.00 EUR,1.63917 EUR,Sell
Market,"Jan. 11, 2021, 10:06 AM",Main Account,0.00739236 BTC,220.31 EUR,29803.00 EUR,0.48469 EUR,Sell
Market,"Jan. 11, 2021, 11:15 AM",Main Account,0.00215590 BTC,61.04 EUR,28314.00 EUR,0.13429 EUR,Buy
Market,"Jan. 11, 2021, 11:55 AM",Main Account,0.00942577 BTC,266.88 EUR,28314.00 EUR,0.58714 EUR,Buy
Market,"Jan. 11, 2021, 11:55 AM",Main Account,0.02841833 BTC,804.64 EUR,28314.00 EUR,1.77020 EUR,Buy
Market,"Jan. 11, 2021, 12:05 PM",Main Account,0.04000000 BTC,1104.08 EUR,27602.00 EUR,2.42898 EUR,Buy
Market,"Jan. 11, 2021, 01:59 PM",Main Account,0.04000000 BTC,1075.96 EUR,26899.00 EUR,2.36711 EUR,Buy
Market,"Jan. 11, 2021, 02:07 PM",Main Account,0.04000000 BTC,1048.92 EUR,26223.00 EUR,2.30762 EUR,Buy
Market,"Jan. 11, 2021, 02:12 PM",Main Account,0.04000000 BTC,1022.20 EUR,25555.00 EUR,2.24884 EUR,Buy
Market,"Jan. 11, 2021, 02:21 PM",Main Account,0.04000000 BTC,1075.96 EUR,26899.00 EUR,2.36711 EUR,Sell
Market,"Jan. 11, 2021, 02:46 PM",Main Account,0.04000000 BTC,1104.08 EUR,27602.00 EUR,2.42898 EUR,Sell
Market,"Jan. 11, 2021, 03:33 PM",Main Account,0.04000000 BTC,1048.92 EUR,26223.00 EUR,2.30762 EUR,Buy
Market,"Jan. 11, 2021, 04:01 PM",Main Account,0.00870068 BTC,222.35 EUR,25555.00 EUR,0.48916 EUR,Buy
Market,"Jan. 11, 2021, 04:01 PM",Main Account,0.03129932 BTC,799.85 EUR,25555.00 EUR,1.75968 EUR,Buy
Market,"Jan. 11, 2021, 04:35 PM",Main Account,0.04000000 BTC,996.52 EUR,24913.00 EUR,2.19234 EUR,Buy
Market,"Jan. 11, 2021, 05:19 PM",Main Account,0.03044045 BTC,798.24 EUR,26223.00 EUR,1.75613 EUR,Sell
Market,"Jan. 11, 2021, 05:19 PM",Main Account,0.00692331 BTC,181.55 EUR,26223.00 EUR,0.39941 EUR,Sell
Market,"Jan. 11, 2021, 05:19 PM",Main Account,0.00263624 BTC,69.13 EUR,26223.00 EUR,0.15209 EUR,Sell
Market,"Jan. 11, 2021, 05:30 PM",Main Account,0.00870068 BTC,234.04 EUR,26899.00 EUR,0.51489 EUR,Sell
Market,"Jan. 11, 2021, 05:30 PM",Main Account,0.03129932 BTC,841.92 EUR,26899.00 EUR,1.85222 EUR,Sell
Market,"Jan. 11, 2021, 09:12 PM",Main Account,0.03995539 BTC,1102.85 EUR,27602.00 EUR,2.42627 EUR,Sell
Market,"Jan. 11, 2021, 09:12 PM",Main Account,0.00004461 BTC,1.23 EUR,27602.00 EUR,0.00271 EUR,Sell
Market,"Jan. 11, 2021, 09:24 PM",Main Account,0.04000000 BTC,1132.56 EUR,28314.00 EUR,2.49163 EUR,Sell
Market,"Jan. 11, 2021, 11:44 PM",Main Account,0.00135877 BTC,39.48 EUR,29054.00 EUR,0.08685 EUR,Sell
Market,"Jan. 11, 2021, 11:44 PM",Main Account,0.03864123 BTC,1122.68 EUR,29054.00 EUR,2.46990 EUR,Sell
Market,"Jan. 12, 2021, 06:22 AM",Main Account,0.00215590 BTC,64.25 EUR,29803.00 EUR,0.14136 EUR,Sell
Market,"Jan. 12, 2021, 06:22 AM",Main Account,0.00942577 BTC,280.92 EUR,29803.00 EUR,0.61802 EUR,Sell
Market,"Jan. 12, 2021, 06:22 AM",Main Account,0.02841833 BTC,846.95 EUR,29803.00 EUR,1.86329 EUR,Sell
Market,"Jan. 12, 2021, 01:25 PM",Main Account,0.04000000 BTC,1132.56 EUR,28314.00 EUR,2.49163 EUR,Buy
Market,"Jan. 12, 2021, 01:55 PM",Main Account,0.04000000 BTC,1104.08 EUR,27602.00 EUR,2.42898 EUR,Buy
Market,"Jan. 12, 2021, 02:29 PM",Main Account,0.04000000 BTC,1075.96 EUR,26899.00 EUR,2.36711 EUR,Buy
Market,"Jan. 12, 2021, 04:04 PM",Main Account,0.00502370 BTC,142.24 EUR,28314.00 EUR,0.31293 EUR,Sell
Market,"Jan. 12, 2021, 04:05 PM",Main Account,0.00351416 BTC,99.50 EUR,28314.00 EUR,0.21890 EUR,Sell
Market,"Jan. 12, 2021, 04:05 PM",Main Account,0.03146214 BTC,890.82 EUR,28314.00 EUR,1.95980 EUR,Sell
Market,"Jan. 12, 2021, 06:12 PM",Main Account,0.04000000 BTC,1162.16 EUR,29054.00 EUR,2.55675 EUR,Sell
Market,"Jan. 12, 2021, 10:50 PM",Main Account,0.04000000 BTC,1104.08 EUR,27602.00 EUR,2.42898 EUR,Buy
Market,"Jan. 13, 2021, 12:38 AM",Main Account,0.02999135 BTC,806.74 EUR,26899.00 EUR,1.77482 EUR,Buy
Market,"Jan. 13, 2021, 12:38 AM",Main Account,0.01000865 BTC,269.22 EUR,26899.00 EUR,0.59229 EUR,Buy
Market,"Jan. 13, 2021, 07:27 AM",Main Account,0.02999135 BTC,849.18 EUR,28314.00 EUR,1.86819 EUR,Sell
Market,"Jan. 13, 2021, 07:27 AM",Main Account,0.01000865 BTC,283.38 EUR,28314.00 EUR,0.62345 EUR,Sell
Market,"Jan. 13, 2021, 06:31 PM",Main Account,0.04000000 BTC,1162.16 EUR,29054.00 EUR,2.55675 EUR,Sell
Market,"Jan. 13, 2021, 08:08 PM",Main Account,0.04000000 BTC,1192.12 EUR,29803.00 EUR,2.62266 EUR,Sell
Market,"Jan. 13, 2021, 09:49 PM",Main Account,0.04000000 BTC,1223.28 EUR,30582.00 EUR,2.69122 EUR,Sell
Market,"Jan. 14, 2021, 01:57 PM",Main Account,0.04000000 BTC,1287.64 EUR,32191.00 EUR,2.83281 EUR,Sell
Market,"Jan. 14, 2021, 03:35 PM",Main Account,0.04000000 BTC,1320.84 EUR,33021.00 EUR,2.90585 EUR,Sell
Market,"Jan. 15, 2021, 05:47 AM",Main Account,0.04000000 BTC,1254.84 EUR,31371.00 EUR,2.76065 EUR,Buy
Market,"Jan. 15, 2021, 02:24 PM",Main Account,0.03000000 BTC,917.46 EUR,30582.00 EUR,2.01841 EUR,Buy
Market,"Jan. 15, 2021, 02:24 PM",Main Account,0.01000000 BTC,305.82 EUR,30582.00 EUR,0.67280 EUR,Buy
Market,"Jan. 15, 2021, 03:47 PM",Main Account,0.04000000 BTC,1192.12 EUR,29803.00 EUR,2.62266 EUR,Buy
Market,"Jan. 15, 2021, 04:01 PM",Main Account,0.04000000 BTC,1162.16 EUR,29054.00 EUR,2.55675 EUR,Buy
Market,"Jan. 16, 2021, 12:01 AM",Main Account,0.04000000 BTC,1223.28 EUR,30582.00 EUR,2.69122 EUR,Sell
Market,"Jan. 16, 2021, 10:05 AM",Main Account,0.01278093 BTC,400.95 EUR,31371.00 EUR,0.88209 EUR,Sell
Market,"Jan. 16, 2021, 10:05 AM",Main Account,0.00100000 BTC,31.37 EUR,31371.00 EUR,0.06902 EUR,Sell
Market,"Jan. 16, 2021, 10:06 AM",Main Account,0.00306000 BTC,96.00 EUR,31371.00 EUR,0.21119 EUR,Sell
Market,"Jan. 16, 2021, 10:06 AM",Main Account,0.02315907 BTC,726.52 EUR,31371.00 EUR,1.59835 EUR,Sell
Market,"Jan. 17, 2021, 09:51 AM",Main Account,0.04000000 BTC,1132.56 EUR,28314.00 EUR,2.49163 EUR,Buy
Market,"Jan. 17, 2021, 04:31 PM",Main Account,0.04000000 BTC,1192.12 EUR,29803.00 EUR,2.62266 EUR,Sell
Market,"Jan. 18, 2021, 03:30 AM",Main Account,0.03913920 BTC,1137.15 EUR,29054.00 EUR,2.50173 EUR,Buy
Market,"Jan. 18, 2021, 03:30 AM",Main Account,0.00086080 BTC,25.01 EUR,29054.00 EUR,0.05502 EUR,Buy
Market,"Jan. 18, 2021, 12:06 PM",Main Account,0.03834840 BTC,1172.77 EUR,30582.00 EUR,2.58010 EUR,Sell
Market,"Jan. 18, 2021, 12:06 PM",Main Account,0.00079080 BTC,24.18 EUR,30582.00 EUR,0.05321 EUR,Sell
Market,"Jan. 18, 2021, 12:06 PM",Main Account,0.00086080 BTC,26.32 EUR,30582.00 EUR,0.05791 EUR,Sell
Market,"Jan. 18, 2021, 04:15 PM",Main Account,0.04000000 BTC,1192.12 EUR,29803.00 EUR,2.62266 EUR,Buy
Market,"Jan. 20, 2021, 03:36 AM",Main Account,0.04000000 BTC,1162.16 EUR,29054.00 EUR,2.55675 EUR,Buy
Market,"Jan. 20, 2021, 11:16 AM",Main Account,0.04000000 BTC,1132.56 EUR,28314.00 EUR,2.49163 EUR,Buy
Market,"Jan. 21, 2021, 08:55 AM",Main Account,0.00200000 BTC,55.20 EUR,27602.00 EUR,0.12145 EUR,Buy
Market,"Jan. 21, 2021, 08:55 AM",Main Account,0.00200000 BTC,55.20 EUR,27602.00 EUR,0.12145 EUR,Buy
Market,"Jan. 21, 2021, 08:55 AM",Main Account,0.03000000 BTC,828.06 EUR,27602.00 EUR,1.82173 EUR,Buy
Market,"Jan. 21, 2021, 08:55 AM",Main Account,0.00600000 BTC,165.61 EUR,27602.00 EUR,0.36435 EUR,Buy
Market,"Jan. 21, 2021, 09:36 AM",Main Account,0.04000000 BTC,1075.96 EUR,26899.00 EUR,2.36711 EUR,Buy
Market,"Jan. 21, 2021, 12:05 PM",Main Account,0.00703367 BTC,184.44 EUR,26223.00 EUR,0.40578 EUR,Buy
Market,"Jan. 21, 2021, 12:05 PM",Main Account,0.03296633 BTC,864.48 EUR,26223.00 EUR,1.90185 EUR,Buy
Market,"Jan. 21, 2021, 02:43 PM",Main Account,0.04000000 BTC,1022.20 EUR,25555.00 EUR,2.24884 EUR,Buy
Market,"Jan. 21, 2021, 07:38 PM",Main Account,0.04000000 BTC,1075.96 EUR,26899.00 EUR,2.36711 EUR,Sell
Market,"Jan. 21, 2021, 10:01 PM",Main Account,0.04000000 BTC,1022.20 EUR,25555.00 EUR,2.24884 EUR,Buy
Market,"Jan. 21, 2021, 10:29 PM",Main Account,0.04000000 BTC,996.52 EUR,24913.00 EUR,2.19234 EUR,Buy
Market,"Jan. 22, 2021, 05:50 AM",Main Account,0.04000000 BTC,1048.92 EUR,26223.00 EUR,2.30762 EUR,Sell
Market,"Jan. 22, 2021, 03:06 PM",Main Account,0.01113721 BTC,299.58 EUR,26899.00 EUR,0.65908 EUR,Sell
Market,"Jan. 22, 2021, 03:08 PM",Main Account,0.00365207 BTC,98.24 EUR,26899.00 EUR,0.21612 EUR,Sell
Market,"Jan. 22, 2021, 03:09 PM",Main Account,0.02521072 BTC,678.14 EUR,26899.00 EUR,1.49191 EUR,Sell
Market,"Jan. 22, 2021, 07:24 PM",Main Account,0.00703367 BTC,194.14 EUR,27602.00 EUR,0.42712 EUR,Sell
Market,"Jan. 22, 2021, 07:24 PM",Main Account,0.02909011 BTC,802.95 EUR,27602.00 EUR,1.76648 EUR,Sell
Market,"Jan. 22, 2021, 07:24 PM",Main Account,0.00387622 BTC,106.99 EUR,27602.00 EUR,0.23538 EUR,Sell
Market,"Jan. 23, 2021, 11:17 AM",Main Account,0.04000000 BTC,1048.92 EUR,26223.00 EUR,2.30762 EUR,Buy
Market,"Jan. 24, 2021, 07:30 PM",Main Account,0.04000000 BTC,1022.20 EUR,25555.00 EUR,2.24884 EUR,Buy
Market,"Jan. 25, 2021, 12:30 AM",Main Account,0.04000000 BTC,1075.96 EUR,26899.00 EUR,2.36711 EUR,Sell
Market,"Jan. 25, 2021, 03:53 AM",Main Account,0.04000000 BTC,1104.08 EUR,27602.00 EUR,2.42898 EUR,Sell
Market,"Jan. 25, 2021, 01:11 PM",Main Account,0.04000000 BTC,1132.56 EUR,28314.00 EUR,2.49163 EUR,Sell
Market,"Jan. 25, 2021, 09:25 PM",Main Account,0.04000000 BTC,1075.96 EUR,26899.00 EUR,2.36711 EUR,Buy
Market,"Jan. 26, 2021, 12:01 AM",Main Account,0.04000000 BTC,1048.92 EUR,26223.00 EUR,2.30762 EUR,Buy
Market,"Jan. 26, 2021, 02:43 PM",Main Account,0.01042795 BTC,266.49 EUR,25555.00 EUR,0.58627 EUR,Buy
Market,"Jan. 26, 2021, 02:43 PM",Main Account,0.01980076 BTC,506.01 EUR,25555.00 EUR,1.11322 EUR,Buy
Market,"Jan. 26, 2021, 02:43 PM",Main Account,0.00977129 BTC,249.71 EUR,25555.00 EUR,0.54935 EUR,Buy
Market,"Jan. 26, 2021, 10:59 PM",Main Account,0.01042795 BTC,280.50 EUR,26899.00 EUR,0.61710 EUR,Sell
Market,"Jan. 26, 2021, 10:59 PM",Main Account,0.00838205 BTC,225.47 EUR,26899.00 EUR,0.49603 EUR,Sell
Market,"Jan. 26, 2021, 10:59 PM",Main Account,0.01042000 BTC,280.29 EUR,26899.00 EUR,0.61663 EUR,Sell
Market,"Jan. 26, 2021, 10:59 PM",Main Account,0.00099871 BTC,26.86 EUR,26899.00 EUR,0.05910 EUR,Sell
Market,"Jan. 26, 2021, 10:59 PM",Main Account,0.00977129 BTC,262.84 EUR,26899.00 EUR,0.57824 EUR,Sell
Market,"Jan. 27, 2021, 09:10 AM",Main Account,0.02700000 BTC,689.98 EUR,25555.00 EUR,1.51797 EUR,Buy
Market,"Jan. 27, 2021, 09:10 AM",Main Account,0.01300000 BTC,332.22 EUR,25555.00 EUR,0.73087 EUR,Buy
Market,"Jan. 27, 2021, 02:03 PM",Main Account,0.05569940 BTC,1387.64 EUR,24913.00 EUR,3.05281 EUR,Buy
Market,"Jan. 28, 2021, 05:58 AM",Main Account,0.05569940 BTC,1460.61 EUR,26223.00 EUR,3.21333 EUR,Sell
Market,"Jan. 28, 2021, 06:49 PM",Main Account,0.02700000 BTC,726.27 EUR,26899.00 EUR,1.59780 EUR,Sell
Market,"Jan. 28, 2021, 06:49 PM",Main Account,0.01300000 BTC,349.69 EUR,26899.00 EUR,0.76931 EUR,Sell
Market,"Jan. 28, 2021, 11:00 PM",Main Account,0.01240135 BTC,342.30 EUR,27602.00 EUR,0.75306 EUR,Sell
Market,"Jan. 28, 2021, 11:00 PM",Main Account,0.00352745 BTC,97.36 EUR,27602.00 EUR,0.21420 EUR,Sell
Market,"Jan. 28, 2021, 11:01 PM",Main Account,0.02407120 BTC,664.41 EUR,27602.00 EUR,1.46171 EUR,Sell
Market,"Jan. 29, 2021, 12:32 AM",Main Account,0.02734660 BTC,774.29 EUR,28314.00 EUR,1.70344 EUR,Sell
Market,"Jan. 29, 2021, 12:32 AM",Main Account,0.01265340 BTC,358.27 EUR,28314.00 EUR,0.78819 EUR,Sell
Market,"Jan. 29, 2021, 08:55 AM",Main Account,0.00200000 BTC,58.11 EUR,29054.00 EUR,0.12784 EUR,Sell
Market,"Jan. 29, 2021, 08:55 AM",Main Account,0.00200000 BTC,58.11 EUR,29054.00 EUR,0.12784 EUR,Sell
Market,"Jan. 29, 2021, 08:55 AM",Main Account,0.03000000 BTC,871.62 EUR,29054.00 EUR,1.91756 EUR,Sell
Market,"Jan. 29, 2021, 08:55 AM",Main Account,0.00600000 BTC,174.32 EUR,29054.00 EUR,0.38351 EUR,Sell
Market,"Jan. 29, 2021, 08:56 AM",Main Account,0.04000000 BTC,1192.12 EUR,29803.00 EUR,2.62266 EUR,Sell
Market,"Jan. 29, 2021, 09:28 AM",Main Account,0.01569000 BTC,479.83 EUR,30582.00 EUR,1.05563 EUR,Sell
Market,"Jan. 29, 2021, 09:28 AM",Main Account,0.02431000 BTC,743.45 EUR,30582.00 EUR,1.63559 EUR,Sell
Market,"Jan. 29, 2021, 09:33 AM",Main Account,0.04000000 BTC,1254.84 EUR,31371.00 EUR,2.76065 EUR,Sell
Market,"Jan. 30, 2021, 05:36 PM",Main Account,0.04000000 BTC,1123.60 EUR,28090.00 EUR,2.47192 EUR,Buy
Market,"Jan. 31, 2021, 08:01 AM",Main Account,0.04000000 BTC,1104.08 EUR,27602.00 EUR,2.42898 EUR,Buy
Market,"Jan. 31, 2021, 05:52 PM",Main Account,0.04000000 BTC,1075.96 EUR,26899.00 EUR,2.36711 EUR,Buy
Market,"Jan. 31, 2021, 08:01 PM",Main Account,0.04000000 BTC,1080.04 EUR,27001.00 EUR,2.37609 EUR,Buy
Market,"Jan. 31, 2021, 08:01 PM",Main Account,0.04000000 BTC,1080.04 EUR,27001.00 EUR,2.37609 EUR,Buy
Market,"Jan. 31, 2021, 08:01 PM",Main Account,0.04000000 BTC,1080.04 EUR,27001.00 EUR,2.37609 EUR,Buy
Market,"Feb. 01, 2021, 06:41 AM",Main Account,0.04000000 BTC,1132.56 EUR,28314.00 EUR,2.49163 EUR,Sell
